model,horizon_h,fold,cell_id,n,mae,rmse,smape,mase
seasonal_naive_24,1,1,318,72,3.7205217337445395,4.939099710275699,16.342839645441508,0.9334675338404262
seasonal_naive_24,1,1,328,72,3.718336198201515,5.118027762687925,8.325275868707402,0.6091534184925173
seasonal_naive_24,1,1,361,72,8.940238610590809,11.020475771082078,15.695274564576767,0.8229957483607688
seasonal_naive_24,1,1,821,72,3.7159769550164774,5.1149594022346685,8.322646942358064,0.6088749217019332
seasonal_naive_24,1,1,2067,72,13.680686127582362,18.20089949629199,15.49416805219791,0.8097318332676813
seasonal_naive_24,1,1,2105,72,2.8793091483795767,4.189610911248463,7.131910743787276,0.5759787594669734
seasonal_naive_24,1,1,2351,72,35.33795545293353,49.499106230548804,40.76419943164723,1.1711806131040123
seasonal_naive_24,1,1,3037,72,70.42487359692224,94.67577525953067,13.530828335578182,0.6207819849082752
seasonal_naive_24,1,1,3797,72,8.0085794924619,11.089444862780368,5.7737586207411455,0.7453635479031305
seasonal_naive_24,1,1,3955,72,157.2063280736795,212.95127730738466,8.982609087180503,0.8700338811267117
seasonal_naive_24,1,1,4111,72,4.636561720178664,6.674457526443591,8.979793898323225,0.3888496044964187
seasonal_naive_24,1,1,4232,72,27.331751595484572,38.679821817953915,13.167689400227701,0.42592451567266904
seasonal_naive_24,1,1,4587,72,9.268110893238655,12.028925579080353,11.60512896985349,0.5750814539515592
seasonal_naive_24,1,1,4737,72,10.910096232822744,17.258284464429824,7.725845844354954,0.17373613587674014
seasonal_naive_24,1,1,5172,72,187.00603484169986,243.99916189413304,8.863104087470573,0.8560687516967714
seasonal_naive_24,1,1,5200,72,32.45851631877013,39.63731803513252,13.803179343051076,0.6901677383312278
seasonal_naive_24,1,1,5409,72,2.7292028123845355,4.956167107148801,20.777819200765652,0.8274461071275512
seasonal_naive_24,1,1,5867,72,412.2536939915001,1007.7512247389731,11.08348331419765,0.965734382793094
seasonal_naive_24,1,1,5882,72,23.63274565778319,35.79960577888071,11.057188816310576,0.557203376559416
seasonal_naive_24,1,1,6320,72,15.625009210343055,21.3583294535367,15.284841423013635,0.697206493535186
seasonal_naive_24,1,1,6481,72,18.085647577950027,23.723364288146477,8.879447866152686,0.5919290781904801
seasonal_naive_24,1,1,7255,72,206.76570512080764,297.67306920709336,15.377518602696638,1.3934625088794652
seasonal_naive_24,1,1,7423,72,49.396807620105264,77.00276833754077,23.097257674283078,0.9981297757343184
seasonal_naive_24,1,1,7680,72,8.868172375638673,11.030692202532235,7.619780884986052,0.1981887789484294
seasonal_naive_24,1,1,8067,72,81.62904419692913,156.47612549033957,31.06995071048993,0.8693003038871016
seasonal_naive_24,1,1,8432,72,38.33393338401219,50.09665747190032,14.529871878664785,0.7525318085620979
seasonal_naive_24,1,1,8723,72,20.291190000813273,28.566378602247624,9.883274855933852,0.7685680723494512
seasonal_naive_24,1,1,9056,72,61.442901277362566,104.32397181747987,12.345184593919258,1.0037817475725928
seasonal_naive_24,1,1,9373,72,35.179895160935224,53.24007319182244,11.703877954959951,0.47750711935175955
seasonal_naive_24,1,1,9699,72,52.83067778208912,68.0521169886507,14.906830587009138,0.5512954983762657
seasonal_naive_168,1,1,318,72,3.9481693029462894,5.493769241528088,16.88187541099696,0.9905836133085743
seasonal_naive_168,1,1,328,72,5.958556788967524,7.492716445184376,13.402374634104078,0.9761557438073958
seasonal_naive_168,1,1,361,72,9.84346472317072,14.034502194949571,15.918764268360672,0.9061424386047073
seasonal_naive_168,1,1,821,72,5.933891973851216,7.472487201566272,13.344202156189864,0.9722875181152377
seasonal_naive_168,1,1,2067,72,13.791100626142025,17.686154598368855,15.32732088062166,0.8162670416266972
seasonal_naive_168,1,1,2105,72,4.949838533218327,6.4657182899515755,11.737258717881938,0.990168721385617
seasonal_naive_168,1,1,2351,72,20.78984250997114,26.689860493500756,14.663360271051006,0.689022898610921
seasonal_naive_168,1,1,3037,72,103.57639736107609,141.52183307934462,17.619818751032856,0.9130064174693395
seasonal_naive_168,1,1,3797,72,11.379803815660226,14.421498816883881,8.221088830328267,1.0591255233797559
seasonal_naive_168,1,1,3955,72,129.01418194729376,164.19511704326868,7.594120093078945,0.7140088494871779
seasonal_naive_168,1,1,4111,72,6.481043839260489,8.4935754555927,12.363392136175985,0.5435388302181992
seasonal_naive_168,1,1,4232,72,26.61122812134609,37.832687364155376,12.795657163868835,0.41469623377199777
seasonal_naive_168,1,1,4587,72,10.569326460464275,13.406058635795581,14.111148860543802,0.6558212022049408
seasonal_naive_168,1,1,4737,72,11.570684856415738,16.954011118201443,8.53030927948886,0.18425557699055034
seasonal_naive_168,1,1,5172,72,233.60201724541244,274.08598315228306,10.880876494920471,1.0693739775104583
seasonal_naive_168,1,1,5200,72,36.74644503034995,43.46247332453735,14.610276764360966,0.7813422711389774
seasonal_naive_168,1,1,5409,72,1.820035197762464,3.05689421158318,15.69102365098011,0.5518025382319905
seasonal_naive_168,1,1,5867,72,580.3516587612006,943.0449277044261,17.315234735140045,1.3595161405351825
seasonal_naive_168,1,1,5882,72,28.76885046835203,38.568031305899694,12.497678344159127,0.6783003910262685
seasonal_naive_168,1,1,6320,72,15.699367402042274,21.513442261060987,15.922135238581362,0.7005244444817949
seasonal_naive_168,1,1,6481,72,29.84772230615704,36.36345829229377,14.600671810590399,0.9768925704551172
seasonal_naive_168,1,1,7255,72,171.33738755424213,255.44414101886954,13.248453239058744,1.154699353002912
seasonal_naive_168,1,1,7423,72,37.30126155410879,52.67490977489069,14.887388950834591,0.753722793504088
seasonal_naive_168,1,1,7680,72,23.55512252254833,27.17713573633594,19.07968495246745,0.5264174818645531
seasonal_naive_168,1,1,8067,72,335.8068838947613,359.2945841424177,98.32605142294457,3.5761416673316693
seasonal_naive_168,1,1,8432,72,40.92750479244987,54.621650994039996,16.688633030301514,0.8034460980787734
seasonal_naive_168,1,1,8723,72,24.706100199104437,32.07778112203746,12.452089658569086,0.93579133626648
seasonal_naive_168,1,1,9056,72,63.848557788872945,99.55456938919882,13.27952643666665,1.043082530038621
seasonal_naive_168,1,1,9373,72,46.068751338180135,64.68620451029635,14.416375134360681,0.6253047839680406
seasonal_naive_168,1,1,9699,72,61.15717365408869,82.96965045215315,17.51843822852359,0.6381836452672784
lightgbm_global,1,1,318,72,4.469649713080682,5.596633683509905,19.403279460160373,1.1214214546734513
lightgbm_global,1,1,328,72,6.014536393687982,7.353005183249705,13.36474158753399,0.9853265572475093
lightgbm_global,1,1,361,72,8.359812053967001,10.683521152188954,14.380556547865147,0.7695644464522052
lightgbm_global,1,1,821,72,5.979339452161712,7.329680726445433,13.314809399483144,0.979734235393852
lightgbm_global,1,1,2067,72,12.742313473992972,16.468717669771067,13.947543977793705,0.7541914749849735
lightgbm_global,1,1,2105,72,4.861211214196203,6.184915837438487,11.7931391465764,0.9724396583935533
lightgbm_global,1,1,2351,72,19.80838574695262,25.508875057838654,14.370534176847535,0.656495178240169
lightgbm_global,1,1,3037,72,66.26803440047284,89.5658243101535,11.929689299097717,0.5841402310006167
lightgbm_global,1,1,3797,72,9.73050198569604,13.564949832376337,6.682427936048768,0.9056239611236352
lightgbm_global,1,1,3955,72,126.72289902955127,164.59163793656813,7.167862327613019,0.7013281018728165
lightgbm_global,1,1,4111,72,7.363568054798877,9.019146165177986,14.578576816482103,0.6175525526446939
lightgbm_global,1,1,4232,72,24.100390150038866,31.123476525816937,11.796608444705717,0.3755685751173562
lightgbm_global,1,1,4587,72,10.893486441646239,13.616525127524625,14.465826241927232,0.6759351602098057
lightgbm_global,1,1,4737,72,12.856537281864448,15.913266136962077,10.81092908430323,0.20473193457143973
lightgbm_global,1,1,5172,72,179.00746881609635,213.7709470156569,8.271142357699356,0.8194532358461796
lightgbm_global,1,1,5200,72,28.331494692501582,36.30831999648679,11.831942972466525,0.6024145843092527
lightgbm_global,1,1,5409,72,4.000257435288116,5.767671456322349,37.738391796704306,1.2128074276184742
lightgbm_global,1,1,5867,72,399.24790964108513,780.3654670205792,12.014612319570661,0.9352673832114067
lightgbm_global,1,1,5882,72,21.32806133710555,26.668896339438902,10.98477172884465,0.5028644561486936
lightgbm_global,1,1,6320,72,17.09984001113874,22.243116025222907,17.631506565333467,0.7630151978590072
lightgbm_global,1,1,6481,72,12.574067548541066,16.657827422359954,6.65017605560288,0.41153938121558753
lightgbm_global,1,1,7255,72,146.74494212492434,214.80381033864697,11.07616281057512,0.9889627252222254
lightgbm_global,1,1,7423,72,35.20574353171446,51.3615578946731,14.362478887184139,0.7113799977949912
lightgbm_global,1,1,7680,72,10.072978772152766,12.658181581864559,8.750316111199233,0.2251141812162432
lightgbm_global,1,1,8067,72,52.3585868521213,62.725093233560344,27.08128513820321,0.5575875095614623
lightgbm_global,1,1,8432,72,31.2760571455418,39.94734168643194,12.30495630724145,0.6139789416507484
lightgbm_global,1,1,8723,72,15.508344174620756,20.952099844418527,7.876578370079265,0.5874085347947751
lightgbm_global,1,1,9056,72,56.037638565080606,88.27372176182197,11.33951141254334,0.9154769322297933
lightgbm_global,1,1,9373,72,32.53541016327717,44.38384399143978,10.74116527827945,0.4416127425315907
lightgbm_global,1,1,9699,72,43.82139362376006,59.9984269127167,12.701904963139446,0.4572823603929542
seasonal_naive_24,1,2,318,72,6.064178717982515,7.531945666415132,23.52866266490944,1.5333774216656524
seasonal_naive_24,1,2,328,72,7.998351938239534,10.052756591106236,17.72000557132628,1.368102072006871
seasonal_naive_24,1,2,361,72,11.965252864799972,14.716618329697509,18.29996379661825,1.1237671851741722
seasonal_naive_24,1,2,821,72,7.997065078320422,10.052577567881093,17.720465708020505,1.3681620157642698
seasonal_naive_24,1,2,2067,72,18.012899915303816,23.777348525422344,20.019854251896703,1.089037703589027
seasonal_naive_24,1,2,2105,72,6.657878483110912,9.057544162813478,17.096941639033513,1.3959378153442636
seasonal_naive_24,1,2,2351,72,29.230966433230897,40.773607730806276,18.199631764455745,0.9465849024472841
seasonal_naive_24,1,2,3037,72,118.13655043948944,164.5511672294225,18.80251766659936,1.0836058697159152
seasonal_naive_24,1,2,3797,72,21.611673272851856,31.038881676212604,13.023152960483358,2.067888080997937
seasonal_naive_24,1,2,3955,72,214.75858642954668,279.7903154948424,12.80600827540676,1.206083304991941
seasonal_naive_24,1,2,4111,72,17.227114943203205,23.51436400561829,36.34521529740816,1.5497779976702322
seasonal_naive_24,1,2,4232,72,55.1726241535251,73.29488851363217,30.354424720646044,0.916100513011526
seasonal_naive_24,1,2,4587,72,25.0276293617842,34.016476021332664,33.60257116432852,1.6273331005316156
seasonal_naive_24,1,2,4737,72,16.37798318822887,22.16249169180995,13.083667912250165,0.2862299017212738
seasonal_naive_24,1,2,5172,72,239.9454268779292,328.43323337723535,11.258663012941279,1.115409382048291
seasonal_naive_24,1,2,5200,72,63.04765664008229,79.47720658946935,22.466270762451465,1.3871111664394755
seasonal_naive_24,1,2,5409,72,4.301455202715737,6.374746151357925,49.87703191681913,1.327411685870843
seasonal_naive_24,1,2,5867,72,385.3539111547738,492.9714951436963,14.924147875263364,0.9058970465771508
seasonal_naive_24,1,2,5882,72,61.435099978198586,86.88383525813462,32.93747445476334,1.520255866664738
seasonal_naive_24,1,2,6320,72,15.793284788801133,21.103954261626946,16.55289729365602,0.7293493628911163
seasonal_naive_24,1,2,6481,72,27.96681097762757,37.487891837885755,16.143021620647765,0.9558531447040703
seasonal_naive_24,1,2,7255,72,192.31704404021187,242.79658722772587,14.362394948352494,1.2438536662134598
seasonal_naive_24,1,2,7423,72,145.47585476856466,233.58349075266162,29.895422775155772,2.936371565734212
seasonal_naive_24,1,2,7680,72,22.533699354375315,27.88935390134815,20.199580655775907,0.5511242585853262
seasonal_naive_24,1,2,8067,72,60.19002839014311,81.6414375216322,34.055178888474906,0.6475580844431189
seasonal_naive_24,1,2,8432,72,63.88446234268846,75.95240323510052,27.70284906613199,1.2882293895482444
seasonal_naive_24,1,2,8723,72,22.571450391003502,29.22054445513316,12.195109490963883,0.8762268627317065
seasonal_naive_24,1,2,9056,72,65.48691032447832,89.78001568557555,14.70438148063029,1.0687327733729286
seasonal_naive_24,1,2,9373,72,75.6687345912808,99.32914197386604,26.320324830989716,1.0883702753264863
seasonal_naive_24,1,2,9699,72,125.33714866797878,197.2062029010332,30.757045598292642,1.3771390153241765
seasonal_naive_168,1,2,318,72,4.943863699288061,6.434244132073306,20.244736452650624,1.250096562919701
seasonal_naive_168,1,2,328,72,4.615625946178511,5.935366735827693,10.423289812355009,0.7894935693421579
seasonal_naive_168,1,2,361,72,8.980675630625234,11.868835533707474,14.725407646605879,0.8434580270409285
seasonal_naive_168,1,2,821,72,4.620344432548588,5.9377460761207095,10.433862846528857,0.7904624622222708
seasonal_naive_168,1,2,2067,72,13.886592053242584,17.627227116089134,15.685359086237735,0.8395662215106391
seasonal_naive_168,1,2,2105,72,5.30882063387181,6.581729230150035,13.387069286718825,1.1130848207128667
seasonal_naive_168,1,2,2351,72,40.43219907186503,63.36930504144135,33.342289686871915,1.3093138504877093
seasonal_naive_168,1,2,3037,72,88.68082663628891,128.93206500059605,13.731049355540875,0.8134236518406118
seasonal_naive_168,1,2,3797,72,19.39907217555893,31.158271398975817,11.530982586823775,1.85617789181779
seasonal_naive_168,1,2,3955,72,184.57584989456507,237.67588666322285,10.636804405936937,1.0365771854042434
seasonal_naive_168,1,2,4111,72,5.423515041922765,6.798779622336236,13.32038321699644,0.4879078307492026
seasonal_naive_168,1,2,4232,72,24.110501651835502,34.750173501388886,14.90421050653778,0.4003370017483665
seasonal_naive_168,1,2,4587,72,11.66591270575725,17.674223604780856,15.73585260916065,0.7585347225486376
seasonal_naive_168,1,2,4737,72,10.018458638811646,12.613721822911383,8.365645401020542,0.1750876404395557
seasonal_naive_168,1,2,5172,72,297.81989159033736,379.2486469034487,12.866588467249384,1.3844443945558815
seasonal_naive_168,1,2,5200,72,30.178397058773434,38.46222596539061,11.167311166816846,0.6639547570251173
seasonal_naive_168,1,2,5409,72,1.363494215369536,2.372217812332047,20.918077309319024,0.4207688026033888
seasonal_naive_168,1,2,5867,72,341.26605304272124,435.8520351820636,12.327256521684864,0.8022545006018492
seasonal_naive_168,1,2,5882,72,21.648621259664708,29.577134815186792,13.598970566683583,0.5357107498301051
seasonal_naive_168,1,2,6320,72,20.856939874319657,30.282169579920893,18.358643111905547,0.9631939151746344
seasonal_naive_168,1,2,6481,72,16.989464987724332,21.7710036747705,9.47285331456394,0.5806680478638397
seasonal_naive_168,1,2,7255,72,200.1328638440482,257.3060586953314,14.497420115352986,1.2944042358001724
seasonal_naive_168,1,2,7423,72,352.9507995098511,460.998319167682,76.00005706030583,7.124169804210245
seasonal_naive_168,1,2,7680,72,10.880024835249783,13.968284378636557,9.99736187686756,0.2661012524582519
seasonal_naive_168,1,2,8067,72,295.55068121502603,328.17447704194115,99.3088673563451,3.179699995203908
seasonal_naive_168,1,2,8432,72,33.25521402502223,45.96219226603249,15.083948312699425,0.6705909777082699
seasonal_naive_168,1,2,8723,72,18.851119691182515,24.728770138137133,9.917697604786586,0.7318031043573706
seasonal_naive_168,1,2,9056,72,49.44137585528202,68.91296531389683,10.643306008283751,0.8068729838585469
seasonal_naive_168,1,2,9373,72,41.742331676430304,54.73656264697081,14.530555703505662,0.6003947768498951
seasonal_naive_168,1,2,9699,72,128.5352065796953,335.3050357922925,22.212016517859322,1.4122776024892456
lightgbm_global,1,2,318,72,4.772200853344541,6.21320948235779,18.687252235897983,1.206690201671127
lightgbm_global,1,2,328,72,4.197069437846983,5.742553015789576,9.334916766452107,0.7179003172919908
lightgbm_global,1,2,361,72,9.679370054401774,12.102434888309471,15.393260322981506,0.909078860530717
lightgbm_global,1,2,821,72,4.193637811396019,5.74088029276169,9.330021099725897,0.7174602063673424
lightgbm_global,1,2,2067,72,10.293573099465366,12.999472930371143,12.165145215931737,0.6223367288264018
lightgbm_global,1,2,2105,72,4.855211820824298,6.305244625427185,12.330144623156608,1.0179779939492488
lightgbm_global,1,2,2351,72,23.812588979732507,31.515150695118855,15.21518440654262,0.7711218603697035
lightgbm_global,1,2,3037,72,70.37546329894127,97.89625951299354,11.523833928740057,0.6455179606227827
lightgbm_global,1,2,3797,72,15.976184564129944,23.47971680855086,9.44628595594139,1.5286628306327346
lightgbm_global,1,2,3955,72,148.33115992382432,184.8909234849524,8.886967841498453,0.8330271611882848
lightgbm_global,1,2,4111,72,7.216594984568252,8.950541299735079,17.770511468744676,0.6492160853430547
lightgbm_global,1,2,4232,72,20.19274252210631,27.146065107026175,11.545062136394826,0.33528551645715643
lightgbm_global,1,2,4587,72,12.357885620858653,16.904528422824402,17.397055056941987,0.8035278145086501
lightgbm_global,1,2,4737,72,10.539576261618468,12.756082601259081,9.407709067340614,0.18419495507329056
lightgbm_global,1,2,5172,72,185.11659372345343,237.77870713752023,8.783072471175746,0.860532280604821
lightgbm_global,1,2,5200,72,33.47471514390536,41.82646363184692,11.955873240105769,0.7364770341039456
lightgbm_global,1,2,5409,72,4.342127366398289,4.915795837593801,56.89468971086389,1.339962951156085
lightgbm_global,1,2,5867,72,226.23240973969598,304.38502981630205,8.430566189282636,0.5318313007621424
lightgbm_global,1,2,5882,72,25.2132253713246,35.48294821583018,14.622674543798716,0.6239194499870394
lightgbm_global,1,2,6320,72,13.904145080778868,19.42108824445092,14.891850458384942,0.6421070405443831
lightgbm_global,1,2,6481,72,15.40429187293574,19.77551366678201,8.786213473908907,0.5264898039488248
lightgbm_global,1,2,7255,72,142.2328646806431,181.10424609435347,10.563025718699254,0.9199229900396609
lightgbm_global,1,2,7423,72,174.58405136757608,230.41494051228753,32.19496201391758,3.5239087962877997
lightgbm_global,1,2,7680,72,9.054282648098557,11.48249445443213,9.200114301689325,0.22144765193587257
lightgbm_global,1,2,8067,72,45.77926449060283,55.29951244335271,30.16523233699549,0.49251900378907887
lightgbm_global,1,2,8432,72,36.38294679315322,45.58801037614008,16.799651327972505,0.7336616701239912
lightgbm_global,1,2,8723,72,16.232207443652108,21.051453732599903,8.616111578400059,0.6301365644287777
lightgbm_global,1,2,9056,72,43.894265470609604,58.97887749123391,9.680256421349604,0.7163452946418402
lightgbm_global,1,2,9373,72,33.27215855232581,43.13131558857264,12.039369489136927,0.47856526952512385
lightgbm_global,1,2,9699,72,94.57535261547295,143.16956231138744,21.785579397329137,1.0391444943416355
seasonal_naive_24,1,3,318,72,3.9829528589731007,6.042103207789266,16.30158474819933,0.9590246821946813
seasonal_naive_24,1,3,328,72,3.2719020014337303,4.113989619625511,7.981659130267362,0.5395967719832894
seasonal_naive_24,1,3,361,72,7.781213426063015,10.75449978264784,12.379599876178018,0.722887700092738
seasonal_naive_24,1,3,821,72,3.269542758248693,4.108509223404989,7.976866544294754,0.5393167552477431
seasonal_naive_24,1,3,2067,72,12.2985661065814,15.740048919515043,13.317331361182836,0.7383856575775398
seasonal_naive_24,1,3,2105,72,2.666087207213934,3.402330243808936,7.71849162066875,0.5381595291354951
seasonal_naive_24,1,3,2351,72,24.007652911361088,30.429978789212466,15.040163369461048,0.7813836770650636
seasonal_naive_24,1,3,3037,72,73.90050260031437,103.05621871175775,13.14329045692826,0.6727293655523928
seasonal_naive_24,1,3,3797,72,15.790475973272505,26.961547533300337,8.87849078441593,1.3707476865122277
seasonal_naive_24,1,3,3955,72,146.6985709632509,228.18263813032362,8.112470408790188,0.8072144077650381
seasonal_naive_24,1,3,4111,72,4.751197957552821,6.368836575287255,10.835261081519949,0.40512557291728385
seasonal_naive_24,1,3,4232,72,26.782714467854127,36.511840523820894,14.56079151170669,0.4480046424753489
seasonal_naive_24,1,3,4587,72,12.831108888051036,19.585179093172243,13.821473140488349,0.7863488310407768
seasonal_naive_24,1,3,4737,72,16.04137403580927,24.938211073676392,11.905908485800603,0.30124347360929676
seasonal_naive_24,1,3,5172,72,181.043885650132,245.78353281413519,8.270656081988935,0.8332884850163215
seasonal_naive_24,1,3,5200,72,24.761104479805343,30.73811748494508,9.746161423566774,0.5254943642858605
seasonal_naive_24,1,3,5409,72,1.5863542709375593,2.308204233444248,16.039837224124025,0.4746349125100279
seasonal_naive_24,1,3,5867,72,339.36108508357387,491.1986983319109,11.202705119998962,0.8075605512856463
seasonal_naive_24,1,3,5882,72,22.65272195926947,30.953981092516567,12.02898388089386,0.533563651577327
seasonal_naive_24,1,3,6320,72,16.255813810343145,21.873108049012693,14.50837408839033,0.7693055036390777
seasonal_naive_24,1,3,6481,72,19.121709712452418,27.59536396408905,9.595381283089157,0.65552120574592
seasonal_naive_24,1,3,7255,72,155.68407854315743,197.97668936368157,12.45403597650731,0.9840722580058916
seasonal_naive_24,1,3,7423,72,45.05679810647494,58.59279936820307,11.021519352874474,0.7659364034007016
seasonal_naive_24,1,3,7680,72,18.8684667052468,25.38568262164065,16.19058005088972,0.4828517833308675
seasonal_naive_24,1,3,8067,72,28.037749159531224,52.02165870303122,16.379905888955914,0.31223092580381634
seasonal_naive_24,1,3,8432,72,25.400267895389714,36.03802681758868,10.511189149423549,0.4985135473652828
seasonal_naive_24,1,3,8723,72,16.094650430050642,21.342540689416605,8.452307542754278,0.6330870237534478
seasonal_naive_24,1,3,9056,72,55.30735450652473,69.86098695470214,12.041925955608614,0.8967591255075082
seasonal_naive_24,1,3,9373,72,42.51028879107543,52.204176709154176,15.368296817576876,0.6062996779724782
seasonal_naive_24,1,3,9699,72,49.26816186234623,69.85205507375034,15.711952926264704,0.5223543529649995
seasonal_naive_168,1,3,318,72,4.0605156290523565,5.447169938037112,17.992748203906313,0.9777004269396431
seasonal_naive_168,1,3,328,72,4.1918948328266445,5.268628463682841,10.189476156619023,0.6913204977702635
seasonal_naive_168,1,3,361,72,8.189657935275246,10.356961831826782,14.633710980200648,0.7608328759557944
seasonal_naive_168,1,3,821,72,4.189106636335237,5.262636354064119,10.184692701312459,0.6910004136802483
seasonal_naive_168,1,3,2067,72,15.511103086281915,20.361565568563712,17.201220526715588,0.9312610879074982
seasonal_naive_168,1,3,2105,72,3.745704007694077,5.174210080111377,9.584955140660536,0.7560841594405615
seasonal_naive_168,1,3,2351,72,43.86394257943053,59.59870650598504,44.92413711740816,1.4276517937772484
seasonal_naive_168,1,3,3037,72,71.73055084309968,95.41591141383061,13.899852678553376,0.6529759103315872
seasonal_naive_168,1,3,3797,72,16.999882611985733,19.820570389028855,11.907015522267406,1.4757344744263299
seasonal_naive_168,1,3,3955,72,155.74658362127082,208.45597020960102,9.080062302116728,0.8570014379401565
seasonal_naive_168,1,3,4111,72,5.750021977512087,7.997649854734646,11.422473758906076,0.4902933888964696
seasonal_naive_168,1,3,4232,72,26.768191684325366,37.28483796170359,13.964967903224471,0.4477617143565296
seasonal_naive_168,1,3,4587,72,12.698519265534953,16.22114586371269,15.880215417139501,0.7782231346895633
seasonal_naive_168,1,3,4737,72,17.530833312984456,25.84711953475579,13.353173310358555,0.3292142624864984
seasonal_naive_168,1,3,5172,72,192.6130861753794,246.05723268330757,8.370483125168192,0.8865379032107791
seasonal_naive_168,1,3,5200,72,28.640718018048208,37.00697175838227,11.659698024278445,0.6078297484613315
seasonal_naive_168,1,3,5409,72,2.1589138142677706,3.609746911169685,17.718604508440507,0.6459439030261904
seasonal_naive_168,1,3,5867,72,374.2494790371058,826.9763280367754,10.759724751157137,0.8905827123199517
seasonal_naive_168,1,3,5882,72,23.85672403538852,35.175554575954806,11.633324285840432,0.5619227929377271
seasonal_naive_168,1,3,6320,72,18.96926855615978,25.171301672456224,18.36325716888553,0.8977196017695634
seasonal_naive_168,1,3,6481,72,20.34916474501045,25.667730646887993,10.335985255642706,0.6976002256160603
seasonal_naive_168,1,3,7255,72,173.158692344228,238.83902428235106,13.1751182102388,1.0945285283060908
seasonal_naive_168,1,3,7423,72,280.86096195483435,373.80625332008935,65.0109182884452,4.774454557267637
seasonal_naive_168,1,3,7680,72,14.269622346000123,21.628322421908287,13.13539599430657,0.36516547448490905
seasonal_naive_168,1,3,8067,72,84.00141982900017,152.23634679907474,34.21429068797395,0.9354474545303442
seasonal_naive_168,1,3,8432,72,30.764739106794487,39.21585049517181,12.661141833988928,0.6037983256341657
seasonal_naive_168,1,3,8723,72,23.731271355813224,32.112000436153366,11.427907468282324,0.9334753816389643
seasonal_naive_168,1,3,9056,72,54.632957025911324,84.44930320578418,12.156145265621301,0.8858243755026423
seasonal_naive_168,1,3,9373,72,46.01673404949518,61.76675576535469,16.288653864100436,0.6563100799590753
seasonal_naive_168,1,3,9699,72,50.69653240935819,67.60736456734861,15.296348073064209,0.5374983231208847
lightgbm_global,1,3,318,72,4.226090841407982,5.32288060199436,18.00356815711671,1.0175680128818
lightgbm_global,1,3,328,72,3.56467850705646,4.881500610552831,8.13382629681303,0.5878809984904848
lightgbm_global,1,3,361,72,7.36665659603476,10.16428410813394,12.284437321173074,0.6843746794354333
lightgbm_global,1,3,821,72,3.524452924279506,4.833040558960058,8.046547799164964,0.5813646297637015
lightgbm_global,1,3,2067,72,12.77767066352709,16.388633585055253,13.890765277000405,0.7671503062579601
lightgbm_global,1,3,2105,72,4.254255470806098,5.499836552750234,11.71136217347985,0.858737146630553
lightgbm_global,1,3,2351,72,25.188073788017252,32.14883881502763,17.220053262594902,0.8198031597396682
lightgbm_global,1,3,3037,72,67.50393654016983,85.18846130352101,12.343419570512468,0.6145002916497656
lightgbm_global,1,3,3797,72,12.07005958131527,15.14883480161266,7.599688642021399,1.0477838841056655
lightgbm_global,1,3,3955,72,125.75196022120043,171.4968849174178,7.243521402608584,0.6919548938256369
lightgbm_global,1,3,4111,72,7.018587373587624,9.263714001264061,14.061795135635816,0.5984615366898421
lightgbm_global,1,3,4232,72,28.67351335465571,37.477819561662336,14.546115310409244,0.47963275396834354
lightgbm_global,1,3,4587,72,11.885961683790347,15.885303605051378,13.705122977175835,0.7284259028109361
lightgbm_global,1,3,4737,72,12.876167181396834,20.8855251271327,10.1141413442371,0.24180355871256423
lightgbm_global,1,3,5172,72,166.98411363411412,228.59212705868057,7.632993855206896,0.7685757437887976
lightgbm_global,1,3,5200,72,27.28696321801722,34.83894505092456,10.607534993920474,0.5790995874694659
lightgbm_global,1,3,5409,72,3.833621916354201,4.8087319572303,35.756473066752214,1.1470141545305057
lightgbm_global,1,3,5867,72,309.6179557898997,423.94565390139456,10.065806329327009,0.7367823184678071
lightgbm_global,1,3,5882,72,18.354859876125047,23.09439660960242,9.712632876678413,0.43233153513756695
lightgbm_global,1,3,6320,72,16.184513464129793,22.302522179853696,15.002161172698367,0.7659312186359852
lightgbm_global,1,3,6481,72,17.178583637901184,24.366080527808798,8.574627507138135,0.5889078972886399
lightgbm_global,1,3,7255,72,112.94816789688443,138.59186652883696,9.00357716211477,0.7139404341151288
lightgbm_global,1,3,7423,72,87.97871004945371,112.23826686093705,20.436185588581946,1.4955811238932208
lightgbm_global,1,3,7680,72,14.68962340277702,20.779713813436523,12.31482053282791,0.37591347337817266
lightgbm_global,1,3,8067,72,30.844586791192146,56.40451869354907,18.098024959170818,0.3434881250649975
lightgbm_global,1,3,8432,72,24.875006914612673,31.33838955965879,10.795475451914799,0.4882046122037266
lightgbm_global,1,3,8723,72,13.546911432403991,18.1993270335941,7.059002374866558,0.5328710851513172
lightgbm_global,1,3,9056,72,40.77668070669943,50.98678852086066,9.348249051257811,0.6611572883552909
lightgbm_global,1,3,9373,72,35.15470698597648,45.9094160777615,12.606773843406662,0.5013912662312723
lightgbm_global,1,3,9699,72,41.322119038132946,60.08046170657803,13.115131039203254,0.4381082617535819
seasonal_naive_24,1,4,318,72,4.194958034826628,6.838901442495869,15.552329085287553,1.0149559731930273
seasonal_naive_24,1,4,328,72,4.5107250838111135,6.029574152547902,9.67136820398157,0.7761655988710857
seasonal_naive_24,1,4,361,72,8.777953416934672,12.02376662837534,13.853621822770862,0.8345473251854082
seasonal_naive_24,1,4,821,72,4.513513280302523,6.031947090513352,9.680904136886873,0.77682012317776
seasonal_naive_24,1,4,2067,72,15.515150606254451,20.70740378739541,15.812667450582346,0.9530069765422609
seasonal_naive_24,1,4,2105,72,5.663171454044041,7.813214267288083,15.921982795243835,1.1918710321389265
seasonal_naive_24,1,4,2351,72,32.36019419462202,43.31648549467845,19.35844394075238,1.0736804975251553
seasonal_naive_24,1,4,3037,72,113.74545775074941,146.02061708483978,17.743080358791325,1.0651643726444386
seasonal_naive_24,1,4,3797,72,11.989216546102293,15.963463666134379,8.090330327147383,1.0064032397089977
seasonal_naive_24,1,4,3955,72,140.75270238580399,169.81510326619664,8.663804458587727,0.7887778377443154
seasonal_naive_24,1,4,4111,72,12.758676871149115,17.458968780169457,27.896220878935353,1.1489216275043899
seasonal_naive_24,1,4,4232,72,43.69823601011555,56.35888859642619,24.77449226234697,0.7685262584574079
seasonal_naive_24,1,4,4587,72,17.812782465676584,24.066769331073573,22.848941652391204,1.1125882684355681
seasonal_naive_24,1,4,4737,72,22.256216368038604,33.814683273934186,17.228164230762953,0.4454058665418399
seasonal_naive_24,1,4,5172,72,254.1267792356989,384.87644096506403,10.893526481317718,1.1874541893376394
seasonal_naive_24,1,4,5200,72,42.88607640496847,51.92839893197231,16.574437009849348,0.9494997429529508
seasonal_naive_24,1,4,5409,72,2.9452850969843403,4.6525919634042685,34.76876056623628,0.9241276971988238
seasonal_naive_24,1,4,5867,72,457.1424174366196,569.1591112110181,17.03253881404504,1.1064863818957482
seasonal_naive_24,1,4,5882,72,40.05460283258468,57.555535350312525,21.95939760228566,0.9846739238222562
seasonal_naive_24,1,4,6320,72,22.689151903619276,32.310647149896944,21.59630991923629,1.095214617172686
seasonal_naive_24,1,4,6481,72,21.261319696532844,28.84578499557873,12.286954807145376,0.7519231815357561
seasonal_naive_24,1,4,7255,72,139.0572783502638,169.87056627421853,11.52879856490915,0.879719736838332
seasonal_naive_24,1,4,7423,72,65.1960308546945,93.24691874141229,13.217345389627036,1.132048816930348
seasonal_naive_24,1,4,7680,72,23.499640630134248,32.70764212378695,20.377215913225093,0.6295945145904271
seasonal_naive_24,1,4,8067,72,40.87678045145297,64.29365585703286,26.00987583020623,0.4846968626835465
seasonal_naive_24,1,4,8432,72,45.56006410168758,54.537217129319856,20.860407003622697,0.9349870190902598
seasonal_naive_24,1,4,8723,72,21.727992360534227,29.22739826700272,11.27060192230002,0.8822284128237047
seasonal_naive_24,1,4,9056,72,56.197642438780555,76.94989519525254,12.700824508042436,0.9196704682714304
seasonal_naive_24,1,4,9373,72,43.5674143751534,58.61362079699657,15.032853867206056,0.6442190709908073
seasonal_naive_24,1,4,9699,72,113.02026147562471,210.6482377481363,24.20718943545094,1.249119404807453
seasonal_naive_168,1,4,318,72,4.943791939001195,7.7874002194141525,18.23137774769572,1.1961338151789584
seasonal_naive_168,1,4,328,72,4.486435282333056,5.52872067538849,9.668530631603547,0.7719860250862991
seasonal_naive_168,1,4,361,72,7.097186504323686,8.912803143910692,11.546200453216555,0.674751588690208
seasonal_naive_168,1,4,821,72,4.482789179228906,5.526401422991998,9.663541472154314,0.7715322025495673
seasonal_naive_168,1,4,2067,72,12.046353706026455,15.840583069686273,13.144997158069858,0.7399386196812695
seasonal_naive_168,1,4,2105,72,5.445485911214009,6.736503451534438,15.33721514221903,1.1460569340280033
seasonal_naive_168,1,4,2351,72,25.789299471204338,34.85866608223203,16.323658545661125,0.8556644536969326
seasonal_naive_168,1,4,3037,72,111.3015477685204,144.70902249715834,17.56801836430425,1.042278484324179
seasonal_naive_168,1,4,3797,72,10.109024780441732,13.877634450655576,6.616885810789023,0.8485754886663214
seasonal_naive_168,1,4,3955,72,195.42774648592697,250.00760812247714,11.054629675701982,1.0951766658510769
seasonal_naive_168,1,4,4111,72,6.431203627649085,8.635075435256825,15.260868572616845,0.579131285580182
seasonal_naive_168,1,4,4232,72,24.72501662695733,34.03642577383561,14.848711179526727,0.4348419124793516
seasonal_naive_168,1,4,4587,72,10.582379826705546,12.944078786371588,15.774812386107515,0.6609765582670076
seasonal_naive_168,1,4,4737,72,17.146124918385738,24.92783547604684,13.749095955219504,0.34313939534104493
seasonal_naive_168,1,4,5172,72,243.31298940647255,380.5004102047752,10.71215018208064,1.1369247643240643
seasonal_naive_168,1,4,5200,72,30.219562544221862,37.57810708858838,10.892786823499922,0.6690625320194845
seasonal_naive_168,1,4,5409,72,1.389309580894853,1.8707171915650616,21.788777042771894,0.43591687100281074
seasonal_naive_168,1,4,5867,72,377.65573972859227,468.86172469758577,14.316349355587732,0.9140935452842506
seasonal_naive_168,1,4,5882,72,16.34877522144764,21.68421131959821,10.497517351984973,0.40190668508875893
seasonal_naive_168,1,4,6320,72,18.576678643836473,28.143961815632913,17.929825846283492,0.8967038554668919
seasonal_naive_168,1,4,6481,72,18.052572532603953,24.249332371387027,10.409458267015054,0.6384433312403532
seasonal_naive_168,1,4,7255,72,161.53960752911306,213.65964542239257,12.05438806692763,1.0219499670238525
seasonal_naive_168,1,4,7423,72,140.00023395833975,243.78181596092108,26.1305110889701,2.4309317169282623
seasonal_naive_168,1,4,7680,72,9.80235403102703,13.532153140129685,9.212793420806717,0.26262139175413945
seasonal_naive_168,1,4,8067,72,36.64138004798125,58.58059549844931,21.635315608532686,0.43447555696673584
seasonal_naive_168,1,4,8432,72,36.14944467942448,46.473016433564425,16.101948248175844,0.7418615884109653
seasonal_naive_168,1,4,8723,72,19.145107381198113,24.629668831752753,10.045515960300413,0.777354732917373
seasonal_naive_168,1,4,9056,72,41.15281579302618,57.81457643518434,9.388361267869707,0.6734629377431505
seasonal_naive_168,1,4,9373,72,38.19008366783707,47.80388507575446,15.018077056751988,0.5647059981504486
seasonal_naive_168,1,4,9699,72,77.89063651302143,119.82971608405717,18.32447176371968,0.8608607363928523
lightgbm_global,1,4,318,72,3.3625985136618244,5.144192289654272,12.3452937826696,0.8135693893853491
lightgbm_global,1,4,328,72,3.613194728888286,4.647555147275238,7.634654587530249,0.6217265292115645
lightgbm_global,1,4,361,72,7.428189640161743,9.451231683186522,11.748332324153427,0.7062210860230039
lightgbm_global,1,4,821,72,3.6118550362282167,4.650475997777275,7.634999238862526,0.6216358521393244
lightgbm_global,1,4,2067,72,11.653850579309177,15.362634095924001,12.87091123570081,0.7158293971819774
lightgbm_global,1,4,2105,72,4.759017656854319,5.959680831815601,13.854012518102682,1.0015828291039806
lightgbm_global,1,4,2351,72,24.05566716778773,32.16958167567441,14.640768857553901,0.798144181016759
lightgbm_global,1,4,3037,72,75.44625337586379,104.01496089329537,11.157685915210704,0.7065131455321418
lightgbm_global,1,4,3797,72,8.661250949440838,10.512138022253412,5.82920525942932,0.727045923470596
lightgbm_global,1,4,3955,72,126.08132466245151,158.3429030951147,7.516796571007656,0.7065594689229773
lightgbm_global,1,4,4111,72,7.431131771273101,9.278236516783005,17.6636964078193,0.6691750324171123
lightgbm_global,1,4,4232,72,24.077725886358834,31.914834740335916,14.960547469241586,0.42345793050600306
lightgbm_global,1,4,4587,72,10.142588707996513,13.639496141103626,14.280482119555574,0.6335071586838337
lightgbm_global,1,4,4737,72,15.350097692567983,23.86589950104839,12.541750497927598,0.3071961312381271
lightgbm_global,1,4,5172,72,197.6722937953749,311.30212707005944,8.572786263345641,0.9236602064892692
lightgbm_global,1,4,5200,72,31.5234477109225,41.40704833537071,11.306269447937302,0.6979306107621459
lightgbm_global,1,4,5409,72,3.8523110488342547,4.206625175296344,53.49788457067538,1.2087207931408326
lightgbm_global,1,4,5867,72,268.6285739502286,372.9437020250069,9.771722537755469,0.6501996916643876
lightgbm_global,1,4,5882,72,19.469290878638972,24.405840367434553,11.904362220101362,0.478619226949634
lightgbm_global,1,4,6320,72,17.41615492617206,23.561883421776006,17.384670877990725,0.840684902243748
lightgbm_global,1,4,6481,72,14.562914184810047,18.70455568307093,8.747194072393112,0.5150288374648845
lightgbm_global,1,4,7255,72,100.39264406259127,127.0751431790805,8.301676551083439,0.6351151947098322
lightgbm_global,1,4,7423,72,106.32552439960527,135.31900717605853,23.90878396759801,1.8462118403240948
lightgbm_global,1,4,7680,72,13.904036028737316,17.19150716564725,13.704045753729616,0.3725122844276735
lightgbm_global,1,4,8067,72,21.439782894966882,28.119180697854123,15.148095321787721,0.2542224556591133
lightgbm_global,1,4,8432,72,30.297320206426257,37.03716859918176,13.964695374723831,0.6217638553581469
lightgbm_global,1,4,8723,72,16.697834574028338,22.50243445511831,8.922851131212775,0.6779873560980764
lightgbm_global,1,4,9056,72,43.6440333142173,56.909694107175845,10.110869619580958,0.7142315373650236
lightgbm_global,1,4,9373,72,25.593521507685132,34.71106564115598,9.64294083445178,0.37844418553484815
lightgbm_global,1,4,9699,72,71.57054032996383,125.91953756883296,15.961814952685286,0.7910099443363378
seasonal_naive_24,24,1,318,72,3.7205217337445395,4.939099710275699,16.342839645441508,0.9219377434058993
seasonal_naive_24,24,1,328,72,3.718336198201515,5.118027762687925,8.325275868707402,0.6031731119690545
seasonal_naive_24,24,1,361,72,8.940238610590809,11.020475771082078,15.695274564576767,0.8170065913011476
seasonal_naive_24,24,1,821,72,3.7159769550164774,5.1149594022346685,8.322646942358064,0.6028716827267212
seasonal_naive_24,24,1,2067,72,13.680686127582362,18.20089949629199,15.49416805219791,0.8055319080757075
seasonal_naive_24,24,1,2105,72,2.8793091483795767,4.189610911248463,7.131910743787276,0.5652150478591741
seasonal_naive_24,24,1,2351,72,35.33795545293353,49.499106230548804,40.76419943164723,1.3044261442868548
seasonal_naive_24,24,1,3037,72,70.42487359692224,94.67577525953067,13.530828335578182,0.6225550050572793
seasonal_naive_24,24,1,3797,72,8.0085794924619,11.089444862780368,5.7737586207411455,0.7416076054114655
seasonal_naive_24,24,1,3955,72,157.2063280736795,212.95127730738466,8.982609087180503,0.8596367426004238
seasonal_naive_24,24,1,4111,72,4.636561720178664,6.674457526443591,8.979793898323225,0.38087966648016786
seasonal_naive_24,24,1,4232,72,27.331751595484572,38.679821817953915,13.167689400227701,0.4148145103049044
seasonal_naive_24,24,1,4587,72,9.268110893238655,12.028925579080353,11.60512896985349,0.5636510630852378
seasonal_naive_24,24,1,4737,72,10.910096232822744,17.258284464429824,7.725845844354954,0.16825979955829365
seasonal_naive_24,24,1,5172,72,187.00603484169986,243.99916189413304,8.863104087470573,0.8586942318044968
seasonal_naive_24,24,1,5200,72,32.45851631877013,39.63731803513252,13.803179343051076,0.6881005473655432
seasonal_naive_24,24,1,5409,72,2.7292028123845355,4.956167107148801,20.777819200765652,0.8213088103615742
seasonal_naive_24,24,1,5867,72,412.2536939915001,1007.7512247389731,11.08348331419765,0.9509382103822268
seasonal_naive_24,24,1,5882,72,23.63274565778319,35.79960577888071,11.057188816310576,0.5535638834463242
seasonal_naive_24,24,1,6320,72,15.625009210343055,21.3583294535367,15.284841423013635,0.6953297359383293
seasonal_naive_24,24,1,6481,72,18.085647577950027,23.723364288146477,8.879447866152686,0.5844188974628655
seasonal_naive_24,24,1,7255,72,206.76570512080764,297.67306920709336,15.377518602696638,1.387149419309333
seasonal_naive_24,24,1,7423,72,49.396807620105264,77.00276833754077,23.097257674283078,1.0184325474174212
seasonal_naive_24,24,1,7680,72,8.868172375638673,11.030692202532235,7.619780884986052,0.1920856478056934
seasonal_naive_24,24,1,8067,72,81.62904419692913,156.47612549033957,31.06995071048993,0.8858450503147024
seasonal_naive_24,24,1,8432,72,38.33393338401219,50.09665747190032,14.529871878664785,0.740852277361521
seasonal_naive_24,24,1,8723,72,20.291190000813273,28.566378602247624,9.883274855933852,0.7705181691774254
seasonal_naive_24,24,1,9056,72,61.442901277362566,104.32397181747987,12.345184593919258,0.9903837847299513
seasonal_naive_24,24,1,9373,72,35.179895160935224,53.24007319182244,11.703877954959951,0.4733767813332022
seasonal_naive_24,24,1,9699,72,52.83067778208912,68.0521169886507,14.906830587009138,0.5426628218482678
seasonal_naive_168,24,1,318,72,3.9481693029462894,5.493769241528088,16.88187541099696,0.9783483495685108
seasonal_naive_168,24,1,328,72,5.958556788967524,7.492716445184376,13.402374634104078,0.9665724263944299
seasonal_naive_168,24,1,361,72,9.84346472317072,14.034502194949571,15.918764268360672,0.8995482011569425
seasonal_naive_168,24,1,821,72,5.933891973851216,7.472487201566272,13.344202156189864,0.962701190750093
seasonal_naive_168,24,1,2067,72,13.791100626142025,17.686154598368855,15.32732088062166,0.8120332195504782
seasonal_naive_168,24,1,2105,72,4.949838533218327,6.4657182899515755,11.737258717881938,0.9716647568124767
seasonal_naive_168,24,1,2351,72,20.78984250997114,26.689860493500756,14.663360271051006,0.7674132178284065
seasonal_naive_168,24,1,3037,72,103.57639736107609,141.52183307934462,17.619818751032856,0.9156140620429533
seasonal_naive_168,24,1,3797,72,11.379803815660226,14.421498816883881,8.221088830328267,1.0537885108997922
seasonal_naive_168,24,1,3955,72,129.01418194729376,164.19511704326868,7.594120093078945,0.7054762519893657
seasonal_naive_168,24,1,4111,72,6.481043839260489,8.4935754555927,12.363392136175985,0.5323983513899523
seasonal_naive_168,24,1,4232,72,26.61122812134609,37.832687364155376,12.795657163868835,0.40387911192607084
seasonal_naive_168,24,1,4587,72,10.569326460464275,13.406058635795581,14.111148860543802,0.64278601800953
seasonal_naive_168,24,1,4737,72,11.570684856415738,16.954011118201443,8.53030927948886,0.1784476573942175
seasonal_naive_168,24,1,5172,72,233.60201724541244,274.08598315228306,10.880876494920471,1.0726536441261452
seasonal_naive_168,24,1,5200,72,36.74644503034995,43.46247332453735,14.610276764360966,0.7790019941391985
seasonal_naive_168,24,1,5409,72,1.820035197762464,3.05689421158318,15.69102365098011,0.5477097327862008
seasonal_naive_168,24,1,5867,72,580.3516587612006,943.0449277044261,17.315234735140045,1.3386867742320623
seasonal_naive_168,24,1,5882,72,28.76885046835203,38.568031305899694,12.497678344159127,0.6738699268446067
seasonal_naive_168,24,1,6320,72,15.699367402042274,21.513442261060987,15.922135238581362,0.6986387555429284
seasonal_naive_168,24,1,6481,72,29.84772230615704,36.36345829229377,14.600671810590399,0.964498113034627
seasonal_naive_168,24,1,7255,72,171.33738755424213,255.44414101886954,13.248453239058744,1.1494679812253226
seasonal_naive_168,24,1,7423,72,37.30126155410879,52.67490977489069,14.887388950834591,0.7690541283273638
seasonal_naive_168,24,1,7680,72,23.55512252254833,27.17713573633594,19.07968495246745,0.5102067006856437
seasonal_naive_168,24,1,8067,72,335.8068838947613,359.2945841424177,98.32605142294457,3.644203713106433
seasonal_naive_168,24,1,8432,72,40.92750479244987,54.621650994039996,16.688633030301514,0.7909763610341387
seasonal_naive_168,24,1,8723,72,24.706100199104437,32.07778112203746,12.452089658569086,0.93816573065281
seasonal_naive_168,24,1,9056,72,63.848557788872945,99.55456938919882,13.27952643666665,1.0291600005514476
seasonal_naive_168,24,1,9373,72,46.068751338180135,64.68620451029635,14.416375134360681,0.6198960266579607
seasonal_naive_168,24,1,9699,72,61.15717365408869,82.96965045215315,17.51843822852359,0.6281903966532821
lightgbm_global,24,1,318,72,4.054457471569756,4.929789803036775,17.320285950813734,1.0046863422867633
lightgbm_global,24,1,328,72,6.472360131456428,7.752437881737571,14.1669965727336,1.049919478546151
lightgbm_global,24,1,361,72,7.722273165770471,10.374958105697113,13.260962535838317,0.7057024259719975
lightgbm_global,24,1,821,72,6.418086526646708,7.689157644620635,14.061448525619976,1.0412558180646847
lightgbm_global,24,1,2067,72,10.172350379579425,13.437889104570832,11.224285590036803,0.5989577375331047
lightgbm_global,24,1,2105,72,6.558950081467821,7.844249427566811,16.062324234305095,1.2875370768328658
lightgbm_global,24,1,2351,72,22.630537644709293,30.238156397515823,16.57160352945079,0.8353585991228056
lightgbm_global,24,1,3037,72,78.22496262406695,97.8883378152087,14.090533101811559,0.6915076948630801
lightgbm_global,24,1,3797,72,9.573842886010727,12.677481173989554,6.882728434895284,0.8865535647068172
lightgbm_global,24,1,3955,72,137.6047557744506,178.88990984326614,7.844308865361728,0.752451287869502
lightgbm_global,24,1,4111,72,6.056818648363617,7.666748255940114,12.420494673423308,0.49754952181046375
lightgbm_global,24,1,4232,72,25.708232834637627,32.04928823546497,12.398522355895603,0.3901743354006801
lightgbm_global,24,1,4587,72,10.130315339830288,12.53010680940484,13.744915197335454,0.616087040439882
lightgbm_global,24,1,4737,72,11.012826653509856,14.651088041038658,8.96689868194188,0.169844148552517
lightgbm_global,24,1,5172,72,235.1223768701777,274.69718383298124,10.6810042794448,1.0796348308090216
lightgbm_global,24,1,5200,72,31.528034553080584,38.5109528060315,13.015591596924608,0.6683749072285545
lightgbm_global,24,1,5409,72,4.643906273572644,5.306949130272668,46.59346109839946,1.3975074038730722
lightgbm_global,24,1,5867,72,416.491011893111,792.8560385203265,12.159073649582803,0.9607123556740859
lightgbm_global,24,1,5882,72,21.97787270822852,28.835474527759104,10.582009484433236,0.5148008082695703
lightgbm_global,24,1,6320,72,16.033851221498693,19.78204243562577,17.111928198268668,0.7135236457037817
lightgbm_global,24,1,6481,72,15.691791500464497,20.616413394754936,7.788075049586013,0.5070639272601646
lightgbm_global,24,1,7255,72,139.14452958521218,227.0923614605921,10.599291994860408,0.9334925891188016
lightgbm_global,24,1,7423,72,45.54436571902007,65.11631125959357,18.38887401829782,0.93900530488641
lightgbm_global,24,1,7680,72,10.940179000723678,13.289975729640084,9.6927892449208,0.23696555292915214
lightgbm_global,24,1,8067,72,165.96573792939435,195.0728872572923,62.331222062556435,1.8010737343916114
lightgbm_global,24,1,8432,72,29.912007395324093,41.10597288779497,11.410257145557381,0.5780877891472225
lightgbm_global,24,1,8723,72,17.416010987693234,22.18956967230205,8.789780855804159,0.6613388815576349
lightgbm_global,24,1,9056,72,56.42943953256972,84.41258901456463,11.723973161042256,0.9095729650228402
lightgbm_global,24,1,9373,72,43.18500951858094,53.49164318151001,14.504218547859251,0.5810927154339506
lightgbm_global,24,1,9699,72,53.661004410885845,76.90376727906771,14.38375124618936,0.5511917185112469
seasonal_naive_24,24,2,318,72,6.064178717982515,7.531945666415132,23.52866266490944,1.528403869808374
seasonal_naive_24,24,2,328,72,7.998351938239534,10.052756591106236,17.72000557132628,1.3512352955442244
seasonal_naive_24,24,2,361,72,11.965252864799972,14.716618329697509,18.29996379661825,1.1146501581155042
seasonal_naive_24,24,2,821,72,7.997065078320422,10.052577567881093,17.720465708020505,1.3513334374052672
seasonal_naive_24,24,2,2067,72,18.012899915303816,23.777348525422344,20.019854251896703,1.0786020778081546
seasonal_naive_24,24,2,2105,72,6.657878483110912,9.057544162813478,17.096941639033513,1.3702243946443737
seasonal_naive_24,24,2,2351,72,29.230966433230897,40.773607730806276,18.199631764455745,0.9356860065687845
seasonal_naive_24,24,2,3037,72,118.13655043948944,164.5511672294225,18.80251766659936,1.0720533803955097
seasonal_naive_24,24,2,3797,72,21.611673272851856,31.038881676212604,13.023152960483358,2.0719771787686714
seasonal_naive_24,24,2,3955,72,214.75858642954668,279.7903154948424,12.80600827540676,1.2095230544427786
seasonal_naive_24,24,2,4111,72,17.227114943203205,23.51436400561829,36.34521529740816,1.515539256525958
seasonal_naive_24,24,2,4232,72,55.1726241535251,73.29488851363217,30.354424720646044,0.8997112972042415
seasonal_naive_24,24,2,4587,72,25.0276293617842,34.016476021332664,33.60257116432852,1.6123552363359954
seasonal_naive_24,24,2,4737,72,16.37798318822887,22.16249169180995,13.083667912250165,0.2787359638727769
seasonal_naive_24,24,2,5172,72,239.9454268779292,328.43323337723535,11.258663012941279,1.1218304734053175
seasonal_naive_24,24,2,5200,72,63.04765664008229,79.47720658946935,22.466270762451465,1.3684403998764934
seasonal_naive_24,24,2,5409,72,4.301455202715737,6.374746151357925,49.87703191681913,1.3284477125951684
seasonal_naive_24,24,2,5867,72,385.3539111547738,492.9714951436963,14.924147875263364,0.9117478376472744
seasonal_naive_24,24,2,5882,72,61.435099978198586,86.88383525813462,32.93747445476334,1.487832108365164
seasonal_naive_24,24,2,6320,72,15.793284788801133,21.103954261626946,16.55289729365602,0.7197239228675711
seasonal_naive_24,24,2,6481,72,27.96681097762757,37.487891837885755,16.143021620647765,0.9452597982233245
seasonal_naive_24,24,2,7255,72,192.31704404021187,242.79658722772587,14.362394948352494,1.263014235369834
seasonal_naive_24,24,2,7423,72,145.47585476856466,233.58349075266162,29.895422775155772,2.912507933026951
seasonal_naive_24,24,2,7680,72,22.533699354375315,27.88935390134815,20.199580655775907,0.5371773343466423
seasonal_naive_24,24,2,8067,72,60.19002839014311,81.6414375216322,34.055178888474906,0.6302536619418689
seasonal_naive_24,24,2,8432,72,63.88446234268846,75.95240323510052,27.70284906613199,1.2779194368467754
seasonal_naive_24,24,2,8723,72,22.571450391003502,29.22054445513316,12.195109490963883,0.868593984004682
seasonal_naive_24,24,2,9056,72,65.48691032447832,89.78001568557555,14.70438148063029,1.0572981987577947
seasonal_naive_24,24,2,9373,72,75.6687345912808,99.32914197386604,26.320324830989716,1.0730685901149617
seasonal_naive_24,24,2,9699,72,125.33714866797878,197.2062029010332,30.757045598292642,1.353603029970177
seasonal_naive_168,24,2,318,72,4.943863699288061,6.434244132073306,20.244736452650624,1.246041840322095
seasonal_naive_168,24,2,328,72,4.615625946178511,5.935366735827693,10.423289812355009,0.779760222813958
seasonal_naive_168,24,2,361,72,8.980675630625234,11.868835533707474,14.725407646605879,0.8366151242076418
seasonal_naive_168,24,2,821,72,4.620344432548588,5.9377460761207095,10.433862846528857,0.7807396667257691
seasonal_naive_168,24,2,2067,72,13.886592053242584,17.627227116089134,15.685359086237735,0.8315211383357665
seasonal_naive_168,24,2,2105,72,5.30882063387181,6.581729230150035,13.387069286718825,1.0925816020486507
seasonal_naive_168,24,2,2351,72,40.43219907186503,63.36930504144135,33.342289686871915,1.2942385251874122
seasonal_naive_168,24,2,3037,72,88.68082663628891,128.93206500059605,13.731049355540875,0.8047516168198736
seasonal_naive_168,24,2,3797,72,19.39907217555893,31.158271398975817,11.530982586823775,1.8598483481395147
seasonal_naive_168,24,2,3955,72,184.57584989456507,237.67588666322285,10.636804405936937,1.03953350342099
seasonal_naive_168,24,2,4111,72,5.423515041922765,6.798779622336236,13.32038321699644,0.47712864176574865
seasonal_naive_168,24,2,4232,72,24.110501651835502,34.750173501388886,14.90421050653778,0.3931748951627842
seasonal_naive_168,24,2,4587,72,11.66591270575725,17.674223604780856,15.73585260916065,0.7515532200779483
seasonal_naive_168,24,2,4737,72,10.018458638811646,12.613721822911383,8.365645401020542,0.17050357746219522
seasonal_naive_168,24,2,5172,72,297.81989159033736,379.2486469034487,12.866588467249384,1.3924142431865627
seasonal_naive_168,24,2,5200,72,30.178397058773434,38.46222596539061,11.167311166816846,0.6550178062047892
seasonal_naive_168,24,2,5409,72,1.363494215369536,2.372217812332047,20.918077309319024,0.4210972069175135
seasonal_naive_168,24,2,5867,72,341.26605304272124,435.8520351820636,12.327256521684864,0.8074359099969046
seasonal_naive_168,24,2,5882,72,21.648621259664708,29.577134815186792,13.598970566683583,0.524285202162868
seasonal_naive_168,24,2,6320,72,20.856939874319657,30.282169579920893,18.358643111905547,0.9504823591861482
seasonal_naive_168,24,2,6481,72,16.989464987724332,21.7710036747705,9.47285331456394,0.5742327310420026
seasonal_naive_168,24,2,7255,72,200.1328638440482,257.3060586953314,14.497420115352986,1.3143434959800724
seasonal_naive_168,24,2,7423,72,352.9507995098511,460.998319167682,76.00005706030583,7.066272304610489
seasonal_naive_168,24,2,7680,72,10.880024835249783,13.968284378636557,9.99736187686756,0.2593672102707774
seasonal_naive_168,24,2,8067,72,295.55068121502603,328.17447704194115,99.3088673563451,3.094730208761432
seasonal_naive_168,24,2,8432,72,33.25521402502223,45.96219226603249,15.083948312699425,0.6652241064675596
seasonal_naive_168,24,2,8723,72,18.851119691182515,24.728770138137133,9.917697604786586,0.7254283119546294
seasonal_naive_168,24,2,9056,72,49.44137585528202,68.91296531389683,10.643306008283751,0.7982400967901095
seasonal_naive_168,24,2,9373,72,41.742331676430304,54.73656264697081,14.530555703505662,0.5919536680781171
seasonal_naive_168,24,2,9699,72,128.5352065796953,335.3050357922925,22.212016517859322,1.3881410813406205
lightgbm_global,24,2,318,72,5.438168323147388,7.073065504425051,21.97222243298105,1.3706254212331328
lightgbm_global,24,2,328,72,6.127469317328498,8.121361427906429,13.018843989228715,1.0351698547239623
lightgbm_global,24,2,361,72,12.812876092144156,15.138429110813751,20.685190455003877,1.193612414497151
lightgbm_global,24,2,821,72,6.123608737571163,8.121439926826532,13.013471189460551,1.0347592727612176
lightgbm_global,24,2,2067,72,13.990519190770527,17.690624835246254,15.479551342964253,0.8377442355053153
lightgbm_global,24,2,2105,72,6.030244327792939,8.346857881121368,14.363128758631818,1.2410541743241517
lightgbm_global,24,2,2351,72,23.284973830680276,33.55068098330852,14.995247399261496,0.7453542196921376
lightgbm_global,24,2,3037,72,84.0173458480083,117.02147382451432,13.763067558036415,0.7624319424694148
lightgbm_global,24,2,3797,72,21.301885498430487,31.41803208230785,12.95994470013091,2.042276877882255
lightgbm_global,24,2,3955,72,159.58824123745524,203.32063826575057,9.472388546625659,0.8988029778171478
lightgbm_global,24,2,4111,72,15.56475317927939,18.810469800162153,33.47265222666285,1.369294541721389
lightgbm_global,24,2,4232,72,33.44424774904191,44.81424348054135,18.408555883624185,0.5453822069905659
lightgbm_global,24,2,4587,72,21.660690177330927,30.248220679380143,27.55250836977409,1.3954468769383048
lightgbm_global,24,2,4737,72,11.766639474725626,15.156185650007222,10.28880409335377,0.200255767626404
lightgbm_global,24,2,5172,72,193.07858426313123,242.12174337339445,8.822867293556087,0.9027112640014252
lightgbm_global,24,2,5200,72,43.6147701277749,55.43342799751171,15.456819440564596,0.9466523683011817
lightgbm_global,24,2,5409,72,6.039717936460031,6.565675183054166,69.71983816310134,1.8652872340376132
lightgbm_global,24,2,5867,72,329.0174013927653,457.59924983386406,11.998237148660976,0.7784555848135521
lightgbm_global,24,2,5882,72,39.26783475385076,52.92950812000646,22.142863311862293,0.9509864131984724
lightgbm_global,24,2,6320,72,13.536434897610652,18.015330290008897,13.79929066548024,0.6168758530244537
lightgbm_global,24,2,6481,72,18.455611946030984,24.629131314257005,10.681862464554651,0.6237875329492829
lightgbm_global,24,2,7255,72,185.9451050706072,227.87313747421132,13.27722132605525,1.2211674522847336
lightgbm_global,24,2,7423,72,281.5610796824234,376.74060399400895,54.1341816761272,5.637010207029166
lightgbm_global,24,2,7680,72,14.911735017557078,18.107978854202862,13.413507843006256,0.3554785186951321
lightgbm_global,24,2,8067,72,80.90677570310407,114.17731750252071,39.51692340424863,0.8471800566743267
lightgbm_global,24,2,8432,72,36.98785176014139,45.307691269298786,17.654418125708965,0.7398903106977722
lightgbm_global,24,2,8723,72,17.919286798794513,22.719124024891602,9.68039677682077,0.6895695421190631
lightgbm_global,24,2,9056,72,63.87366509411403,84.85340224768137,13.39475318200388,1.031252058120416
lightgbm_global,24,2,9373,72,39.87432615309154,50.10343683516867,15.109413862866786,0.565463228346526
lightgbm_global,24,2,9699,72,94.12282023952622,158.56186262018758,22.184854026965166,1.0164977903164194
seasonal_naive_24,24,3,318,72,3.9829528589731007,6.042103207789266,16.30158474819933,0.9768932226181332
seasonal_naive_24,24,3,328,72,3.2719020014337303,4.113989619625511,7.981659130267362,0.5534372710045276
seasonal_naive_24,24,3,361,72,7.781213426063015,10.75449978264784,12.379599876178018,0.7338643415853475
seasonal_naive_24,24,3,821,72,3.269542758248693,4.108509223404989,7.976866544294754,0.5531726656643359
seasonal_naive_24,24,3,2067,72,12.2985661065814,15.740048919515043,13.317331361182836,0.7407266093449083
seasonal_naive_24,24,3,2105,72,2.666087207213934,3.402330243808936,7.71849162066875,0.5418386881875203
seasonal_naive_24,24,3,2351,72,24.007652911361088,30.429978789212466,15.040163369461048,0.7750471893796
seasonal_naive_24,24,3,3037,72,73.90050260031437,103.05621871175775,13.14329045692826,0.6772205613476253
seasonal_naive_24,24,3,3797,72,15.790475973272505,26.961547533300337,8.87849078441593,1.4776370636286742
seasonal_naive_24,24,3,3955,72,146.6985709632509,228.18263813032362,8.112470408790188,0.8166098749790408
seasonal_naive_24,24,3,4111,72,4.751197957552821,6.368836575287255,10.835261081519949,0.42207672485851977
seasonal_naive_24,24,3,4232,72,26.782714467854127,36.511840523820894,14.56079151170669,0.45516964508095875
seasonal_naive_24,24,3,4587,72,12.831108888051036,19.585179093172243,13.821473140488349,0.8244387507916542
seasonal_naive_24,24,3,4737,72,16.04137403580927,24.938211073676392,11.905908485800603,0.2956029179513754
seasonal_naive_24,24,3,5172,72,181.043885650132,245.78353281413519,8.270656081988935,0.8280578622536154
seasonal_naive_24,24,3,5200,72,24.761104479805343,30.73811748494508,9.746161423566774,0.5359726637200736
seasonal_naive_24,24,3,5409,72,1.5863542709375593,2.308204233444248,16.039837224124025,0.4930166638125268
seasonal_naive_24,24,3,5867,72,339.36108508357387,491.1986983319109,11.202705119998962,0.8059281460048737
seasonal_naive_24,24,3,5882,72,22.65272195926947,30.953981092516567,12.02898388089386,0.559129754486768
seasonal_naive_24,24,3,6320,72,16.255813810343145,21.873108049012693,14.50837408839033,0.7703267443690769
seasonal_naive_24,24,3,6481,72,19.121709712452418,27.59536396408905,9.595381283089157,0.6611193546657239
seasonal_naive_24,24,3,7255,72,155.68407854315743,197.97668936368157,12.45403597650731,0.9882850503289053
seasonal_naive_24,24,3,7423,72,45.05679810647494,58.59279936820307,11.021519352874474,0.7782738085883965
seasonal_naive_24,24,3,7680,72,18.8684667052468,25.38568262164065,16.19058005088972,0.4786433489043749
seasonal_naive_24,24,3,8067,72,28.037749159531224,52.02165870303122,16.379905888955914,0.30983409034782744
seasonal_naive_24,24,3,8432,72,25.400267895389714,36.03802681758868,10.511189149423549,0.5067049131992476
seasonal_naive_24,24,3,8723,72,16.094650430050642,21.342540689416605,8.452307542754278,0.6305804818533225
seasonal_naive_24,24,3,9056,72,55.30735450652473,69.86098695470214,12.041925955608614,0.9038391185483032
seasonal_naive_24,24,3,9373,72,42.51028879107543,52.204176709154176,15.368296817576876,0.6174538937843835
seasonal_naive_24,24,3,9699,72,49.26816186234623,69.85205507375034,15.711952926264704,0.5331927735746803
seasonal_naive_168,24,3,318,72,4.0605156290523565,5.447169938037112,17.992748203906313,0.9959169336940029
seasonal_naive_168,24,3,328,72,4.1918948328266445,5.268628463682841,10.189476156619023,0.7090526658808755
seasonal_naive_168,24,3,361,72,8.189657935275246,10.356961831826782,14.633710980200648,0.7723856935152665
seasonal_naive_168,24,3,821,72,4.189106636335237,5.262636354064119,10.184692701312459,0.7087533199948016
seasonal_naive_168,24,3,2067,72,15.511103086281915,20.361565568563712,17.201220526715588,0.9342135251159492
seasonal_naive_168,24,3,2105,72,3.745704007694077,5.174210080111377,9.584955140660536,0.761253172955508
seasonal_naive_168,24,3,2351,72,43.86394257943053,59.59870650598504,44.92413711740816,1.4160745132735424
seasonal_naive_168,24,3,3037,72,71.73055084309968,95.41591141383061,13.899852678553376,0.6573352304579819
seasonal_naive_168,24,3,3797,72,16.999882611985733,19.820570389028855,11.907015522267406,1.590810604273433
seasonal_naive_168,24,3,3955,72,155.74658362127082,208.45597020960102,9.080062302116728,0.8669763948228186
seasonal_naive_168,24,3,4111,72,5.750021977512087,7.997649854734646,11.422473758906076,0.5108081089896009
seasonal_naive_168,24,3,4232,72,26.768191684325366,37.28483796170359,13.964967903224471,0.45492283177783716
seasonal_naive_168,24,3,4587,72,12.698519265534953,16.22114586371269,15.880215417139501,0.8159194541580722
seasonal_naive_168,24,3,4737,72,17.530833312984456,25.84711953475579,13.353173310358555,0.323049975012689
seasonal_naive_168,24,3,5172,72,192.6130861753794,246.05723268330757,8.370483125168192,0.8809730293166615
seasonal_naive_168,24,3,5200,72,28.640718018048208,37.00697175838227,11.659698024278445,0.6199498063387471
seasonal_naive_168,24,3,5409,72,2.1589138142677706,3.609746911169685,17.718604508440507,0.6709601415451849
seasonal_naive_168,24,3,5867,72,374.2494790371058,826.9763280367754,10.759724751157137,0.8887824857979386
seasonal_naive_168,24,3,5882,72,23.85672403538852,35.175554575954806,11.633324285840432,0.5888477453945464
seasonal_naive_168,24,3,6320,72,18.96926855615978,25.171301672456224,18.36325716888553,0.8989113101573353
seasonal_naive_168,24,3,6481,72,20.34916474501045,25.667730646887993,10.335985255642706,0.7035577292257927
seasonal_naive_168,24,3,7255,72,173.158692344228,238.83902428235106,13.1751182102388,1.0992141815636178
seasonal_naive_168,24,3,7423,72,280.86096195483435,373.80625332008935,65.0109182884452,4.851359611214304
seasonal_naive_168,24,3,7680,72,14.269622346000123,21.628322421908287,13.13539599430657,0.361982769134651
seasonal_naive_168,24,3,8067,72,84.00141982900017,152.23634679907474,34.21429068797395,0.9282665078625508
seasonal_naive_168,24,3,8432,72,30.764739106794487,39.21585049517181,12.661141833988928,0.6137196868516187
seasonal_naive_168,24,3,8723,72,23.731271355813224,32.112000436153366,11.427907468282324,0.9297795308806571
seasonal_naive_168,24,3,9056,72,54.632957025911324,84.44930320578418,12.156145265621301,0.8928180377197688
seasonal_naive_168,24,3,9373,72,46.01673404949518,61.76675576535469,16.288653864100436,0.6683843470869636
seasonal_naive_168,24,3,9699,72,50.69653240935819,67.60736456734861,15.296348073064209,0.5486509685806472
lightgbm_global,24,3,318,72,3.6242044517150163,4.6559898468528385,15.460862377744455,0.8889035074283257
lightgbm_global,24,3,328,72,4.822633648823855,5.595006063352097,11.163884397210845,0.8157411818844601
lightgbm_global,24,3,361,72,7.016653091445189,9.91807796842814,11.749994472069144,0.6617568776405538
lightgbm_global,24,3,821,72,4.8288534717662275,5.602399555451487,11.176835066117958,0.8169918378771135
lightgbm_global,24,3,2067,72,13.560950692411067,17.731662164760667,15.223304552222125,0.8167583878341493
lightgbm_global,24,3,2105,72,4.725821542036063,5.946269754062581,12.225019815100945,0.9604460566843238
lightgbm_global,24,3,2351,72,30.788148975067763,37.31014500854056,21.818868798328616,0.9939442400899755
lightgbm_global,24,3,3037,72,80.59929483604037,99.97583576298094,14.381271143211242,0.7386079630377753
lightgbm_global,24,3,3797,72,12.716917309475084,16.92224742434494,7.8624692907562785,1.190020388453628
lightgbm_global,24,3,3955,72,128.2590504475867,182.48738854933927,7.2536377607648745,0.7139647405097889
lightgbm_global,24,3,4111,72,5.613749859041074,7.0335877613363,11.869384863631138,0.49870225906130144
lightgbm_global,24,3,4232,72,25.534595159496448,34.520747227690926,14.435008109355717,0.43395797800793956
lightgbm_global,24,3,4587,72,11.308613432871226,15.340511233175315,14.418734079715561,0.726613670971521
lightgbm_global,24,3,4737,72,15.757504330515909,24.907868615384956,12.656636545956395,0.29037190014608044
lightgbm_global,24,3,5172,72,197.23609459953994,243.1523444302116,8.855886495597339,0.9021177283444359
lightgbm_global,24,3,5200,72,27.181264893686322,32.81118895850622,10.70388229177211,0.5883588496721415
lightgbm_global,24,3,5409,72,3.7239089670253773,4.288329894555929,40.295120993606815,1.1573386909213732
lightgbm_global,24,3,5867,72,334.809813983935,459.60523307766505,11.41155550621109,0.7951196071342657
lightgbm_global,24,3,5882,72,23.591122545056344,31.505751742243895,11.478451352082665,0.5822919903577889
lightgbm_global,24,3,6320,72,14.337013942170342,19.713038018869636,13.280386839169672,0.6793991000942088
lightgbm_global,24,3,6481,72,22.75083289958475,31.25410366366884,11.904391371463426,0.7865936775980966
lightgbm_global,24,3,7255,72,140.78492247147852,181.1682243830497,10.724882142374407,0.8937049664439911
lightgbm_global,24,3,7423,72,142.8239853894222,191.93426041348795,28.754575106143744,2.467023218208337
lightgbm_global,24,3,7680,72,19.09165021688596,26.460715455683694,17.230585308365693,0.4843049272986331
lightgbm_global,24,3,8067,72,48.550374142905646,70.19620589518176,29.230240985552502,0.5365110060377384
lightgbm_global,24,3,8432,72,24.643358328120673,32.58623118404459,10.292775974301167,0.4916054741633172
lightgbm_global,24,3,8723,72,15.125209354290064,21.071628129215934,8.127139362862772,0.5925982576765165
lightgbm_global,24,3,9056,72,45.021535107329925,57.14038590677366,9.751378790603164,0.7357470804773354
lightgbm_global,24,3,9373,72,38.835270236362895,50.19843496509221,13.909790106640981,0.5640749452787809
lightgbm_global,24,3,9699,72,49.60402669484904,70.09760154693075,14.426326718291593,0.5368275895454631
seasonal_naive_24,24,4,318,72,4.194958034826628,6.838901442495869,15.552329085287553,1.0180389236177663
seasonal_naive_24,24,4,328,72,4.5107250838111135,6.029574152547902,9.67136820398157,0.7636688121163504
seasonal_naive_24,24,4,361,72,8.777953416934672,12.02376662837534,13.853621822770862,0.8282501743667352
seasonal_naive_24,24,4,821,72,4.513513280302523,6.031947090513352,9.680904136886873,0.7643452273023358
seasonal_naive_24,24,4,2067,72,15.515150606254451,20.70740378739541,15.812667450582346,0.9447619837239405
seasonal_naive_24,24,4,2105,72,5.663171454044041,7.813214267288083,15.921982795243835,1.1775772945122682
seasonal_naive_24,24,4,2351,72,32.36019419462202,43.31648549467845,19.35844394075238,1.0717346017210008
seasonal_naive_24,24,4,3037,72,113.74545775074941,146.02061708483978,17.743080358791325,1.0521248087121227
seasonal_naive_24,24,4,3797,72,11.989216546102293,15.963463666134379,8.090330327147383,1.004587932365288
seasonal_naive_24,24,4,3955,72,140.75270238580399,169.81510326619664,8.663804458587727,0.7910788185043609
seasonal_naive_24,24,4,4111,72,12.758676871149115,17.458968780169457,27.896220878935353,1.125533799274229
seasonal_naive_24,24,4,4232,72,43.69823601011555,56.35888859642619,24.77449226234697,0.7537661334179535
seasonal_naive_24,24,4,4587,72,17.812782465676584,24.066769331073573,22.848941652391204,1.1001854915812401
seasonal_naive_24,24,4,4737,72,22.256216368038604,33.814683273934186,17.228164230762953,0.4349881510148652
seasonal_naive_24,24,4,5172,72,254.1267792356989,384.87644096506403,10.893526481317718,1.1787072378381835
seasonal_naive_24,24,4,5200,72,42.88607640496847,51.92839893197231,16.574437009849348,0.9369677823828311
seasonal_naive_24,24,4,5409,72,2.9452850969843403,4.6525919634042685,34.76876056623628,0.906596456929905
seasonal_naive_24,24,4,5867,72,457.1424174366196,569.1591112110181,17.03253881404504,1.0888023807652436
seasonal_naive_24,24,4,5882,72,40.05460283258468,57.555535350312525,21.95939760228566,0.9678139254878015
seasonal_naive_24,24,4,6320,72,22.689151903619276,32.310647149896944,21.59630991923629,1.091634878264437
seasonal_naive_24,24,4,6481,72,21.261319696532844,28.84578499557873,12.286954807145376,0.7392407681672144
seasonal_naive_24,24,4,7255,72,139.0572783502638,169.87056627421853,11.52879856490915,0.8720257397236374
seasonal_naive_24,24,4,7423,72,65.1960308546945,93.24691874141229,13.217345389627036,1.1198399626865332
seasonal_naive_24,24,4,7680,72,23.499640630134248,32.70764212378695,20.377215913225093,0.6195288075282558
seasonal_naive_24,24,4,8067,72,40.87678045145297,64.29365585703286,26.00987583020623,0.47817749363274487
seasonal_naive_24,24,4,8432,72,45.56006410168758,54.537217129319856,20.860407003622697,0.9262317430703864
seasonal_naive_24,24,4,8723,72,21.727992360534227,29.22739826700272,11.27060192230002,0.8820838647902789
seasonal_naive_24,24,4,9056,72,56.197642438780555,76.94989519525254,12.700824508042436,0.9197759485991948
seasonal_naive_24,24,4,9373,72,43.5674143751534,58.61362079699657,15.032853867206056,0.6376129913447868
seasonal_naive_24,24,4,9699,72,113.02026147562471,210.6482377481363,24.20718943545094,1.2291824302379137
seasonal_naive_168,24,4,318,72,4.943791939001195,7.7874002194141525,18.23137774769572,1.1997670971645302
seasonal_naive_168,24,4,328,72,4.486435282333056,5.52872067538849,9.668530631603547,0.7595565322729471
seasonal_naive_168,24,4,361,72,7.097186504323686,8.912803143910692,11.546200453216555,0.669660190765977
seasonal_naive_168,24,4,821,72,4.482789179228906,5.526401422991998,9.663541472154314,0.7591422249934117
seasonal_naive_168,24,4,2067,72,12.046353706026455,15.840583069686273,13.144997158069858,0.7335369995930252
seasonal_naive_168,24,4,2105,72,5.445485911214009,6.736503451534438,15.33721514221903,1.1323126305937545
seasonal_naive_168,24,4,2351,72,25.789299471204338,34.85866608223203,16.323658545661125,0.8541136814941674
seasonal_naive_168,24,4,3037,72,111.3015477685204,144.70902249715834,17.56801836430425,1.029519085605387
seasonal_naive_168,24,4,3797,72,10.109024780441732,13.877634450655576,6.616885810789023,0.8470448643047449
seasonal_naive_168,24,4,3955,72,195.42774648592697,250.00760812247714,11.054629675701982,1.0983714569777907
seasonal_naive_168,24,4,4111,72,6.431203627649085,8.635075435256825,15.260868572616845,0.5673422977975409
seasonal_naive_168,24,4,4232,72,24.72501662695733,34.03642577383561,14.848711179526727,0.42649044637138334
seasonal_naive_168,24,4,4587,72,10.582379826705546,12.944078786371588,15.774812386107515,0.6536082037816107
seasonal_naive_168,24,4,4737,72,17.146124918385738,24.92783547604684,13.749095955219504,0.3351136173365576
seasonal_naive_168,24,4,5172,72,243.31298940647255,380.5004102047752,10.71215018208064,1.128550019545388
seasonal_naive_168,24,4,5200,72,30.219562544221862,37.57810708858838,10.892786823499922,0.6602319184964769
seasonal_naive_168,24,4,5409,72,1.389309580894853,1.8707171915650616,21.788777042771894,0.42764727425120364
seasonal_naive_168,24,4,5867,72,377.65573972859227,468.86172469758577,14.316349355587732,0.899484390076666
seasonal_naive_168,24,4,5882,72,16.34877522144764,21.68421131959821,10.497517351984973,0.39502507090434
seasonal_naive_168,24,4,6320,72,18.576678643836473,28.143961815632913,17.929825846283492,0.8937729544085419
seasonal_naive_168,24,4,6481,72,18.052572532603953,24.249332371387027,10.409458267015054,0.6276749410137861
seasonal_naive_168,24,4,7255,72,161.53960752911306,213.65964542239257,12.05438806692763,1.0130120294417055
seasonal_naive_168,24,4,7423,72,140.00023395833975,243.78181596092108,26.1305110889701,2.4047147459242018
seasonal_naive_168,24,4,7680,72,9.80235403102703,13.532153140129685,9.212793420806717,0.2584227052402066
seasonal_naive_168,24,4,8067,72,36.64138004798125,58.58059549844931,21.635315608532686,0.4286316848118049
seasonal_naive_168,24,4,8432,72,36.14944467942448,46.473016433564425,16.101948248175844,0.7349147508159368
seasonal_naive_168,24,4,8723,72,19.145107381198113,24.629668831752753,10.045515960300413,0.7772273678310936
seasonal_naive_168,24,4,9056,72,41.15281579302618,57.81457643518434,9.388361267869707,0.6735401796399615
seasonal_naive_168,24,4,9373,72,38.19008366783707,47.80388507575446,15.018077056751988,0.5589152773097416
seasonal_naive_168,24,4,9699,72,77.89063651302143,119.82971608405717,18.32447176371968,0.8471206899702889
lightgbm_global,24,4,318,72,3.83200660335092,6.587485129422426,13.850375026502912,0.929957307173103
lightgbm_global,24,4,328,72,5.079886123999549,6.36187455831648,11.262558977468013,0.8600281617525231
lightgbm_global,24,4,361,72,7.747326789739901,10.313549070611627,12.352688883064147,0.7310046499106305
lightgbm_global,24,4,821,72,5.083628718813058,6.358616000227662,11.282347449297145,0.8608919720163999
lightgbm_global,24,4,2067,72,12.009425967463816,15.870983515019178,12.62082878786878,0.7312883637644555
lightgbm_global,24,4,2105,72,5.608609257453885,7.386962547647814,16.045147742277674,1.1662318488790797
lightgbm_global,24,4,2351,72,27.742527095341025,38.95556715876378,17.010188889761675,0.9188024660309575
lightgbm_global,24,4,3037,72,100.48445296945498,131.85895575398632,14.81007336020651,0.9294629249345437
lightgbm_global,24,4,3797,72,8.74766272781121,10.970043385556723,5.97386849792584,0.7329750346045489
lightgbm_global,24,4,3955,72,163.987872793232,204.26070800281164,9.898245943344735,0.9216685041167453
lightgbm_global,24,4,4111,72,11.73646635907424,16.260062715877694,25.78878912115668,1.0353573262015894
lightgbm_global,24,4,4232,72,28.04341675307563,37.505531327612914,16.930573811809584,0.4837306890122721
lightgbm_global,24,4,4587,72,15.650612085766056,22.338432199728846,20.0904846909205,0.966641589224158
lightgbm_global,24,4,4737,72,23.079326152571486,30.991281794000816,17.87549709259433,0.451075476790974
lightgbm_global,24,4,5172,72,232.69139767681386,375.25376621249546,10.266548965942622,1.079284266889313
lightgbm_global,24,4,5200,72,35.46629112830947,44.72729391187837,13.43424986277529,0.7748615619214381
lightgbm_global,24,4,5409,72,5.368435485241919,5.999155047029311,63.87948587958429,1.6524731664042969
lightgbm_global,24,4,5867,72,380.1672565769393,487.64518858366,14.030466096219529,0.905466214163667
lightgbm_global,24,4,5882,72,27.658257839714718,35.317759261569975,16.428379862552177,0.6682889156057761
lightgbm_global,24,4,6320,72,15.269156342000676,22.20151312894272,15.2393180350786,0.7346393419818261
lightgbm_global,24,4,6481,72,16.395479745359264,21.7001030457862,10.18646175214292,0.5700590186509387
lightgbm_global,24,4,7255,72,125.86072697185205,161.20135599227595,10.172670827841689,0.7892703988016448
lightgbm_global,24,4,7423,72,120.57232961709754,155.53847340403428,27.182292389856222,2.071011246073679
lightgbm_global,24,4,7680,72,17.38931806555386,24.732798046069476,15.266623740327724,0.4584403504055029
lightgbm_global,24,4,8067,72,44.85134601582662,62.091114548717314,26.17867778242806,0.524672050661481
lightgbm_global,24,4,8432,72,30.307549423346106,37.037864867559826,14.383819657309418,0.6161495793316486
lightgbm_global,24,4,8723,72,18.628105733339467,25.615533526957144,9.854726434352887,0.756238828987789
lightgbm_global,24,4,9056,72,41.44229409526703,52.9226245106138,9.608788289699852,0.6782780150452903
lightgbm_global,24,4,9373,72,29.533330701963646,41.01171345931658,10.739276221957793,0.43222292631607584
lightgbm_global,24,4,9699,72,81.60541859301657,138.52775884956068,18.543316908934145,0.8875218074803334
ets_additive_24,1,1,318,72,4.986708887928618,6.418597718361683,25.015338286863088,1.2511500216153504
ets_additive_24,1,1,4587,72,12.889338044589685,14.467097227389273,19.875821932371817,0.7997767127024074
ets_additive_24,1,1,5200,72,29.010538557044786,34.06972257165175,11.874663616251718,0.6168531422401481
ets_additive_24,1,1,5882,72,21.470046467750173,28.296531555004385,10.334517842388223,0.5062121244798322
ets_additive_24,1,1,3037,72,67.0032520243919,83.51314625715438,15.09227293809649,0.5906210357590077
ets_additive_24,1,1,7680,72,30.69290281003519,37.85876013102229,43.267243298573575,0.6859348998463286
ets_additive_24,1,2,318,72,6.761080448540379,8.544465409523502,30.625691189944742,1.7095947510771878
ets_additive_24,1,2,4587,72,18.7234752678684,25.297099469954723,26.134008471077426,1.217427772320789
ets_additive_24,1,2,5200,72,43.820468220695226,62.633055958305874,15.634240600692223,0.9640938938385449
ets_additive_24,1,2,5882,72,55.973501408428255,72.53970127208238,30.539983266171728,1.3851046701987508
ets_additive_24,1,2,3037,72,104.16248988972022,135.38595799269544,18.158647168227834,0.9554289932186486
ets_additive_24,1,2,7680,72,33.884321421199466,39.0426410129347,38.73850995673218,0.828735274543346
ets_additive_24,1,3,318,72,5.351077895078926,6.009271367365435,21.88610004739084,1.2884450204239057
ets_additive_24,1,3,4587,72,11.853776372874178,15.302630297059084,13.696120279755696,0.726453440271928
ets_additive_24,1,3,5200,72,27.336947303632193,32.3126450537365,10.52160650379166,0.5801603784093883
ets_additive_24,1,3,5882,72,24.30375275115763,31.017360669361018,12.705185006402003,0.5724521356972664
ets_additive_24,1,3,3037,72,76.81324218358125,94.4940982685328,13.458973522563783,0.699244549927636
ets_additive_24,1,3,7680,72,33.94257097644183,43.344743906550065,40.00452528362779,0.8686042794485304
ets_additive_24,1,4,318,72,6.257556781833535,8.45007408475876,26.526038605043478,1.5139947957975144
ets_additive_24,1,4,4587,72,21.8207525280747,27.52397705912941,27.23593834099859,1.36292650055947
ets_additive_24,1,4,5200,72,37.88285661465042,50.545547985950996,14.212004807774925,0.8387282221454717
ets_additive_24,1,4,5882,72,51.967378297801844,68.55259993901109,28.423457177432116,1.2775291397378237
ets_additive_24,1,4,3037,72,138.67472514483512,185.3847512763424,21.987814368433334,1.2986134086709504
ets_additive_24,1,4,7680,72,31.200620249444018,36.72353974907503,30.394481980208937,0.835916585706389
ets_additive_24,24,1,318,72,3.6517022971894115,4.829430596224033,16.447189802845113,0.9048844265378257
ets_additive_24,24,1,4587,72,8.450291891405572,11.647227683028287,11.190008665962013,0.5139144387499797
ets_additive_24,24,1,5200,72,28.62770517223119,33.3193463413957,11.78548047889272,0.6068897113279412
ets_additive_24,24,1,5882,72,20.60840570639211,27.778041691111905,9.435379377448916,0.4827229666693713
ets_additive_24,24,1,3037,72,111.54222539997566,133.61673916513007,19.869416909088475,0.9860318826474516
ets_additive_24,24,1,7680,72,32.98640299680693,40.50758033108233,49.05893472825233,0.714489335573498
ets_additive_24,24,2,318,72,4.37255318988784,5.533044313357426,17.13629821225554,1.1020498450268124
ets_additive_24,24,2,4587,72,23.12310106327316,28.378871433450716,29.896210684037804,1.4896597892177295
ets_additive_24,24,2,5200,72,43.21305222155669,61.10378518055218,15.441098059684618,0.9379331384119409
ets_additive_24,24,2,5882,72,56.69081107117938,71.23665607652696,31.684308296970197,1.3729351623240773
ets_additive_24,24,2,3037,72,98.10206027150159,129.2877017436282,16.803774299377693,0.890246455873084
ets_additive_24,24,2,7680,72,34.05050031978196,39.228914336856164,43.17960208939827,0.8117245511841984
ets_additive_24,24,3,318,72,4.384523743639479,5.803358532083893,22.081481581026015,1.0753859463639257
ets_additive_24,24,3,4587,72,30.551157501559334,33.87649390458842,43.12432930127224,1.9630071216432863
ets_additive_24,24,3,5200,72,33.36542905705258,39.51104814451195,12.441954631651125,0.7222197177212589
ets_additive_24,24,3,5882,72,50.74964028455994,57.31284016196387,31.402681840122206,1.252636833825902
ets_additive_24,24,3,3037,72,86.10445790334218,104.70168457776775,14.86342074210495,0.7890570058935743
ets_additive_24,24,3,7680,72,38.95429586479578,49.06370549979369,49.7819506847954,0.98816797984719
ets_additive_24,24,4,318,72,5.753668011253147,8.053748804709407,23.892893726997983,1.3963090787563048
ets_additive_24,24,4,4587,72,19.755490096345923,24.41374856717568,25.011322020333033,1.2201745361768843
ets_additive_24,24,4,5200,72,49.36708652533806,62.79692100553522,18.794169436900916,1.0785638011638792
ets_additive_24,24,4,5882,72,49.92151686770342,65.99722108844087,27.19782272372097,1.2062219018367895
ets_additive_24,24,4,3037,72,131.932565920757,178.93669975361814,20.51292491972404,1.2203522534187652
ets_additive_24,24,4,7680,72,32.43199044637271,38.45147401434666,30.809061460617382,0.8550153035635712
temporal_cnn_global,1,1,318,72,3.7603957520590887,4.975277967622847,16.729177276284712,0.943471803188674
temporal_cnn_global,1,1,328,72,5.579381412929958,6.7233410551251405,13.480623059483943,0.914037644687368
temporal_cnn_global,1,1,361,72,7.451355828179254,8.89225678967416,13.293786953880105,0.6859362969183106
temporal_cnn_global,1,1,821,72,4.935437573326959,5.963638434067818,11.837189892706558,0.8086875140513099
temporal_cnn_global,1,1,2067,72,12.871231661902534,17.075137044748203,14.578540975495823,0.7618218788743729
temporal_cnn_global,1,1,2105,72,4.2832201851738825,5.291134361305531,13.093446575862464,0.8568179801633182
temporal_cnn_global,1,1,2351,72,19.981991238064236,24.625705229870892,14.432572363663212,0.6622488610130485
temporal_cnn_global,1,1,3037,72,74.9643194410536,90.65992389205063,14.94857339766119,0.6607963442897685
temporal_cnn_global,1,1,3797,72,10.953668806287977,13.917442404979745,7.864490945385633,1.0194648691063732
temporal_cnn_global,1,1,3955,72,125.41318257649739,151.78483867425547,7.846131002857544,0.6940796806242016
temporal_cnn_global,1,1,4111,72,7.6332343684302435,9.490774025238803,16.975118141923765,0.6401683713763214
temporal_cnn_global,1,1,4232,72,29.383167266845703,36.913890652888604,14.42329787539561,0.4578927641479026
temporal_cnn_global,1,1,4587,72,11.673971891403198,14.047554699241399,17.800137858831192,0.7243638758784662
temporal_cnn_global,1,1,4737,72,60.98970985412598,76.31894171938448,34.06095724956724,0.9712211782716677
temporal_cnn_global,1,1,5172,72,186.30965677897134,228.18528055385468,9.0132756561296,0.8528809000353337
temporal_cnn_global,1,1,5200,72,35.861370934380425,42.68043553533591,14.565281355296452,0.7625228777609256
temporal_cnn_global,1,1,5409,72,2.697299192349116,4.085298227928233,22.998764783934863,0.8177734928088961
temporal_cnn_global,1,1,5867,72,415.6485409206814,760.9380099797875,14.40661392845937,0.9736870596316853
temporal_cnn_global,1,1,5882,72,26.984119203355576,36.90142749580026,15.634672428771395,0.6362207147369555
temporal_cnn_global,1,1,6320,72,18.436242315504288,22.21050604569547,21.970223081807255,0.8226470580413533
temporal_cnn_global,1,1,6481,72,21.523120244344074,25.613579743881626,12.347449809151968,0.7044348658850468
temporal_cnn_global,1,1,7255,72,140.49556054009332,174.41439085123199,11.533629891266171,0.9468460747019869
temporal_cnn_global,1,1,7423,72,39.33247301313612,53.25826311277929,17.375480779505285,0.794766187515703
temporal_cnn_global,1,1,7680,72,59.577900621626114,62.67985641594926,40.41517509698426,1.3314661551851692
temporal_cnn_global,1,1,8067,72,159.2600819799635,161.80886690405487,68.46550908045495,1.696024240198996
temporal_cnn_global,1,1,8432,72,36.293895933363174,47.557375989874096,14.172829807136253,0.712483920522735
temporal_cnn_global,1,1,8723,72,20.420126491122776,23.592692502485615,11.009875528980666,0.7734517913333406
temporal_cnn_global,1,1,9056,72,60.762759102715385,84.97881571746524,14.17422012044579,0.9926703858616069
temporal_cnn_global,1,1,9373,72,36.281493504842125,46.01300953273966,12.233900031488279,0.49245943940488357
temporal_cnn_global,1,1,9699,72,57.819667180379234,74.99815416516635,17.331704219467348,0.6033562992629943
temporal_cnn_global,1,2,318,72,3.336068219608731,4.574461462660086,13.079127178885688,0.8435522637080545
temporal_cnn_global,1,2,328,72,4.242913219663832,5.552174704524831,9.450022074390864,0.725741804310386
temporal_cnn_global,1,2,361,72,6.140530321333143,8.379609160292038,9.614041066684372,0.5767138022616758
temporal_cnn_global,1,2,821,72,4.13352722591824,5.416181675469226,9.180663443147347,0.7071763060876011
temporal_cnn_global,1,2,2067,72,9.472952736748589,12.718717240674044,11.440207124383608,0.5727230342223366
temporal_cnn_global,1,2,2105,72,3.672450145085653,5.085335885366748,9.603924394617357,0.7699918293035911
temporal_cnn_global,1,2,2351,72,17.677722401089138,24.349954994369924,11.47001947671204,0.5724567873165451
temporal_cnn_global,1,2,3037,72,71.18153338962131,98.59119509038014,11.795128493842341,0.6529116273450112
temporal_cnn_global,1,2,3797,72,13.461457040574816,21.02908893579916,7.671082647509706,1.2880440221182887
temporal_cnn_global,1,2,3955,72,150.43120574951172,193.81123858169101,8.685739090027035,0.8448210095842394
temporal_cnn_global,1,2,4111,72,7.102965063518948,9.444676275049682,17.750503505000857,0.6389937612859035
temporal_cnn_global,1,2,4232,72,26.679462538825142,34.080661439098165,18.07171066326114,0.442992692366399
temporal_cnn_global,1,2,4587,72,12.566776858435738,16.73749732882563,17.162684564350116,0.8171102285841625
temporal_cnn_global,1,2,4737,72,53.9621467590332,62.03139026738814,50.73818747419539,0.9430697165819553
temporal_cnn_global,1,2,5172,72,154.6042717827691,197.83016666356826,7.4664699314084455,0.7186928190091154
temporal_cnn_global,1,2,5200,72,32.05223062303331,43.68450606496274,11.117009185160814,0.7051809595447763
temporal_cnn_global,1,2,5409,72,1.452257838514116,1.9577128870520135,23.649562478989868,0.4481608978570977
temporal_cnn_global,1,2,5867,72,285.4488830566406,360.1014793054963,11.875133441882484,0.671038473010069
temporal_cnn_global,1,2,5882,72,23.907426516215008,32.46002201636505,14.709527726028979,0.5916065153475756
temporal_cnn_global,1,2,6320,72,14.539007345835367,19.45204069234177,15.75202344158027,0.6714256018655151
temporal_cnn_global,1,2,6481,72,19.360351774427627,24.959069961711506,10.837506602361076,0.6617005114014438
temporal_cnn_global,1,2,7255,72,137.8283191257053,174.7307096348263,10.261635987614378,0.8914356026432112
temporal_cnn_global,1,2,7423,72,162.67872852749295,214.21863392788595,30.50883159234064,3.283604647368235
temporal_cnn_global,1,2,7680,72,40.1764997376336,48.9765848111465,31.00541356410515,0.9826279867427788
temporal_cnn_global,1,2,8067,72,102.07336807250977,110.26205442846447,56.4102508728231,1.0981625440222638
temporal_cnn_global,1,2,8432,72,35.42138269212511,46.518131517449646,16.254075293707494,0.7142717419715986
temporal_cnn_global,1,2,8723,72,15.75104088253445,20.270759110790742,8.422876970427442,0.6114576111937844
temporal_cnn_global,1,2,9056,72,49.703138775295685,66.52160821855944,11.690463718157815,0.8111449003390505
temporal_cnn_global,1,2,9373,72,36.01460435655382,46.21689592402413,13.14716306850198,0.518010841215172
temporal_cnn_global,1,2,9699,72,75.35114659203424,123.85625501816821,17.89555943646274,0.8279189763299019
temporal_cnn_global,1,3,318,72,2.91815455754598,4.435007967086128,12.251994315932757,0.7026400628469991
temporal_cnn_global,1,3,328,72,3.543421056535509,4.497608913624518,8.27126581078491,0.5843752542240999
temporal_cnn_global,1,3,361,72,7.270593908098009,8.815115855649655,12.180861902590909,0.6754502955707358
temporal_cnn_global,1,3,821,72,3.1712641186184354,4.140480212059992,7.335012769408383,0.5231055229884826
temporal_cnn_global,1,3,2067,72,11.41859695646498,14.896278867076711,12.069284789684238,0.6855537588077348
temporal_cnn_global,1,3,2105,72,3.1864904827541776,4.01296615894844,9.849322127804665,0.6432048483461784
temporal_cnn_global,1,3,2351,72,20.918711556328667,28.629205566764206,13.386534377484367,0.6808470538830712
temporal_cnn_global,1,3,3037,72,70.5325664944119,92.01100361333481,12.838042159170367,0.642070446600262
temporal_cnn_global,1,3,3797,72,10.117272482977974,13.496620423317546,6.3410828573383595,0.8782653463600282
temporal_cnn_global,1,3,3955,72,163.23880767822266,219.08921291649293,9.38298746639434,0.8982276827853798
temporal_cnn_global,1,3,4111,72,6.144350184334649,8.41868885443143,13.126086021447309,0.5239170017481468
temporal_cnn_global,1,3,4232,72,27.85379653506809,36.002740009017145,15.207675496066198,0.4659210392304234
temporal_cnn_global,1,3,4587,72,11.301742103364733,15.080450788092104,13.289558021363698,0.6926222643142953
temporal_cnn_global,1,3,4737,72,46.98644786410861,55.99238560389579,34.35712390628055,0.8823658581583674
temporal_cnn_global,1,3,5172,72,171.05818684895834,213.52112903777888,8.133495876991844,0.7873274308996439
temporal_cnn_global,1,3,5200,72,28.34584532843696,36.96349686070174,10.698801068807672,0.6015717910790629
temporal_cnn_global,1,3,5409,72,2.2793877157900067,2.9280222716323836,21.169220358034927,0.6819895208029518
temporal_cnn_global,1,3,5867,72,319.2511105007595,414.772334327874,11.7011122325606,0.7597058535189932
temporal_cnn_global,1,3,5882,72,23.86560323503282,32.13548832103504,12.516134243919913,0.5621319341700177
temporal_cnn_global,1,3,6320,72,17.312823878394234,22.40342391991358,17.8434678303475,0.8193284475679891
temporal_cnn_global,1,3,6481,72,19.028929498460556,25.330338899143598,9.726537094199223,0.6523405593152454
temporal_cnn_global,1,3,7255,72,96.37830776638455,123.58043852000027,7.908354526131517,0.6092030722342694
temporal_cnn_global,1,3,7423,72,109.97087679968939,138.9106776101419,25.083642531056682,1.869433723535523
temporal_cnn_global,1,3,7680,72,35.65790632035997,43.55373400685486,23.53553271707113,0.9125004127570745
temporal_cnn_global,1,3,8067,72,105.60094245274861,112.4737382470876,51.79725841816065,1.1759817038155036
temporal_cnn_global,1,3,8432,72,28.741847780015732,36.82033040978878,12.441529750390776,0.5640964321187049
temporal_cnn_global,1,3,8723,72,14.350028991699219,19.402302778684575,7.666916040846646,0.5644619114043078
temporal_cnn_global,1,3,9056,72,46.6778810289171,55.913178433126035,10.99541955305943,0.7568399563768148
temporal_cnn_global,1,3,9373,72,35.73466555277506,44.83322181213786,12.645853082482219,0.5096628800519993
temporal_cnn_global,1,3,9699,72,42.82001707288954,59.825013134381116,13.63273922806188,0.453989381104836
temporal_cnn_global,1,4,318,72,3.0524478356043496,4.973262851223335,10.70554876545025,0.7385294770260562
temporal_cnn_global,1,4,328,72,3.554128064049615,4.667032075533358,7.296984204033846,0.6115628609684336
temporal_cnn_global,1,4,361,72,6.07736259036594,8.107787018237202,9.732263914489508,0.5777937581882141
temporal_cnn_global,1,4,821,72,3.5206825733184814,4.620952240431922,7.270647178254226,0.6059441726272585
temporal_cnn_global,1,4,2067,72,9.83719931708442,12.693855050463297,11.035683380933845,0.6042428988758258
temporal_cnn_global,1,4,2105,72,3.7953545252482095,4.79719631659549,12.178698735615733,0.7987702918848535
temporal_cnn_global,1,4,2351,72,19.051389270358616,26.994411761196833,11.436860229005843,0.6321069950112815
temporal_cnn_global,1,4,3037,72,75.76889504326715,104.81341620676044,11.212874347183405,0.709534509339053
temporal_cnn_global,1,4,3797,72,7.217203246222602,9.221056010049717,4.892221849941141,0.6058291382682603
temporal_cnn_global,1,4,3955,72,118.02315012613933,144.29832493304212,7.784214096231722,0.6614014763645361
temporal_cnn_global,1,4,4111,72,5.891080194049412,7.4246482964328635,14.141350483296838,0.5304930528973048
temporal_cnn_global,1,4,4232,72,27.61067687140571,35.67095638304037,17.739789340884077,0.48559237458797844
temporal_cnn_global,1,4,4587,72,8.947392092810738,11.672486438035055,12.870726741856773,0.5588550522489233
temporal_cnn_global,1,4,4737,72,39.83105050192939,45.310268986476885,33.44814493149583,0.7971248693268849
temporal_cnn_global,1,4,5172,72,217.83727857801648,344.65723643133526,9.465412007843137,1.0178848125307633
temporal_cnn_global,1,4,5200,72,33.09632598029243,41.80282961364262,11.566073582717367,0.7327542094136189
temporal_cnn_global,1,4,5409,72,1.5058000617557101,1.9177908208584975,21.75989641373783,0.47246751933690645
temporal_cnn_global,1,4,5867,72,362.4938269721137,443.2240256640358,14.313539443468109,0.8773950256355878
temporal_cnn_global,1,4,5882,72,20.35669729444716,25.149229955663134,13.675897218701472,0.5004345963625106
temporal_cnn_global,1,4,6320,72,17.149451388253105,23.368925883616168,17.943015196657363,0.8278110136814385
temporal_cnn_global,1,4,6481,72,18.038524945576984,22.9289878086437,11.467998320736289,0.6379465273504262
temporal_cnn_global,1,4,7255,72,99.71952141655817,129.2357486377957,8.678238492821313,0.6308568107974375
temporal_cnn_global,1,4,7423,72,143.80881860521106,181.2424665667737,30.578967007615827,2.497063100804667
temporal_cnn_global,1,4,7680,72,32.23035102420383,38.04241744714134,26.585722211028994,0.863504788330321
temporal_cnn_global,1,4,8067,72,85.03654167387221,91.92845573832491,50.99753542622967,1.0083217050749762
temporal_cnn_global,1,4,8432,72,30.42352188958062,38.15493121697231,13.808187691122631,0.6243537756724229
temporal_cnn_global,1,4,8723,72,15.675362375047472,20.230878645423026,8.49271063218972,0.6364716002797107
temporal_cnn_global,1,4,9056,72,46.598037507798935,58.5001711702304,11.43114837065618,0.7625736083504118
temporal_cnn_global,1,4,9373,72,26.240140385097927,34.191312743388124,10.710669254886348,0.38800555653807106
temporal_cnn_global,1,4,9699,72,70.44366688198514,118.51320164649283,16.849007985384688,0.7785555448131509
temporal_cnn_global,24,1,318,72,3.516282969050937,4.538735855401874,15.787237267487292,0.8713277915462398
temporal_cnn_global,24,1,328,72,5.281683074103461,6.787608263992771,12.723835855128044,0.8567727732048974
temporal_cnn_global,24,1,361,72,8.379774729410807,10.0697266520062,14.9339305027445,0.765788418604074
temporal_cnn_global,24,1,821,72,4.6832502947913275,6.085433043349762,11.158225615302506,0.7597999180376351
temporal_cnn_global,24,1,2067,72,11.68506579928928,16.999331606768735,13.054892018740247,0.688027870935088
temporal_cnn_global,24,1,2105,72,3.948093202379015,4.947122031846358,12.296190408320069,0.7750198305697722
temporal_cnn_global,24,1,2351,72,22.85150358412001,28.399871768153307,17.866711592392605,0.8435150910496841
temporal_cnn_global,24,1,3037,72,77.85385258992513,95.73820274151792,15.506519787778675,0.6882270867855376
temporal_cnn_global,24,1,3797,72,10.515829616122776,13.554591462967363,7.714826542892185,0.973783081989541
temporal_cnn_global,24,1,3955,72,162.87412685818143,202.3373381986693,9.79455357540117,0.8906294395517854
temporal_cnn_global,24,1,4111,72,7.977806144290501,9.273727483695717,17.66663257614986,0.655352894421022
temporal_cnn_global,24,1,4232,72,32.03904649946425,39.53817080320278,16.124192220036086,0.4862572139908875
temporal_cnn_global,24,1,4587,72,11.322170972824097,13.392797865822674,17.235859790102925,0.6885711423587725
temporal_cnn_global,24,1,4737,72,60.7257997724745,73.77661249443564,36.27786687716849,0.9365371926779081
temporal_cnn_global,24,1,5172,72,205.53995598687067,244.93595409805047,9.938822909053203,0.943798283091128
temporal_cnn_global,24,1,5200,72,37.25792037116157,45.22844258136854,15.161708834543766,0.7898449562302576
temporal_cnn_global,24,1,5409,72,3.086128383874893,4.324329113989274,26.615211369535817,0.9287197052859589
temporal_cnn_global,24,1,5867,72,420.50678168402777,790.0042991727655,14.187296857235228,0.9699754599080532
temporal_cnn_global,24,1,5882,72,27.300159878200954,34.9833828804022,15.422150341570317,0.639467912011542
temporal_cnn_global,24,1,6320,72,19.12024974822998,22.694313995151877,22.208773412828396,0.8508717037882477
temporal_cnn_global,24,1,6481,72,25.88649633195665,30.752546594189504,14.117285215449765,0.8364952142462022
temporal_cnn_global,24,1,7255,72,181.15426974826389,235.93306783563867,14.472050629824093,1.2153274641937823
temporal_cnn_global,24,1,7423,72,43.9512366188897,60.71279649661966,19.113330676078178,0.9061591634861667
temporal_cnn_global,24,1,7680,72,61.41215859519111,66.99576573811207,41.148055024028366,1.330194516663723
temporal_cnn_global,24,1,8067,72,183.59117566214667,201.30179095901212,72.76442607152129,1.992346423283098
temporal_cnn_global,24,1,8432,72,38.5647734536065,50.1055041143974,15.453638686308521,0.7453135568642543
temporal_cnn_global,24,1,8723,72,21.41585742102729,26.237046950070336,11.341519054282807,0.8132252100913427
temporal_cnn_global,24,1,9056,72,65.0163745880127,95.21239756441727,14.703120621562437,1.0479837669647918
temporal_cnn_global,24,1,9373,72,35.47196536593967,48.84094672582408,12.082003822077816,0.47730684573321946
temporal_cnn_global,24,1,9699,72,55.495124181111656,71.76377924621498,16.862855534351752,0.5700313142140276
temporal_cnn_global,24,2,318,72,4.487548457251655,5.639227259082831,17.45759398851542,1.1310330296957127
temporal_cnn_global,24,2,328,72,6.968266354666816,8.310808672035423,15.329085313557684,1.1772134459554096
temporal_cnn_global,24,2,361,72,9.840923945109049,12.673456788771038,15.113717915218553,0.9167534990997307
temporal_cnn_global,24,2,821,72,6.803207450442844,8.393137096898355,15.17170889133134,1.1495969608038867
temporal_cnn_global,24,2,2067,72,13.49223189883762,17.27582482513748,15.25366229352314,0.8079070793032975
temporal_cnn_global,24,2,2105,72,5.184834798177083,7.541024246205491,13.546525669462312,1.0670647024701676
temporal_cnn_global,24,2,2351,72,21.33882427215576,30.33018045818647,13.377024512083382,0.6830577878324219
temporal_cnn_global,24,2,3037,72,100.74695756700304,139.79509323910773,16.61586300882795,0.9142480969900186
temporal_cnn_global,24,2,3797,72,19.768959469265408,30.681065037395637,11.622514943865008,1.8953105736507183
temporal_cnn_global,24,2,3955,72,175.33272213406033,226.117945461699,10.526247901591251,0.9874760918531497
temporal_cnn_global,24,2,4111,72,15.582442363103231,18.10904125642755,33.99693580650399,1.3708507310536902
temporal_cnn_global,24,2,4232,72,46.051184230380585,56.89911931963954,24.280522184638404,0.7509661056979106
temporal_cnn_global,24,2,4587,72,20.658157878451878,27.222030012575416,27.535126643591546,1.3308607278337552
temporal_cnn_global,24,2,4737,72,69.08830155266656,88.49664915223387,41.750387331598205,1.1758098725767525
temporal_cnn_global,24,2,5172,72,234.6259019639757,282.1057394516705,11.44788355400208,1.096959796642856
temporal_cnn_global,24,2,5200,72,48.594957775539825,62.26714836016098,17.042436838654158,1.0547466312659808
temporal_cnn_global,24,2,5409,72,3.669167273574405,4.8048118419644466,42.288802754364795,1.1331739241714214
temporal_cnn_global,24,2,5867,72,355.7623070610894,452.1077454640868,14.972084326346025,0.8417340652060374
temporal_cnn_global,24,2,5882,72,52.01956876118978,65.69248745786415,28.556918332470932,1.259807255032924
temporal_cnn_global,24,2,6320,72,14.814418262905544,19.051836180212856,16.11148223868629,0.6751154917905297
temporal_cnn_global,24,2,6481,72,27.59689776102702,34.713849852828595,15.620865882338345,0.9327569750461058
temporal_cnn_global,24,2,7255,72,190.32935333251953,236.09584047211325,14.140023433439808,1.2499603655380844
temporal_cnn_global,24,2,7423,72,238.66905233595105,318.95068964536193,44.10430787550586,4.778287843039979
temporal_cnn_global,24,2,7680,72,67.76204135682848,82.10126902055137,43.75997606506281,1.6153687050448866
temporal_cnn_global,24,2,8067,72,155.64492564731174,167.0989056515921,73.78971518446527,1.6297680359285656
temporal_cnn_global,24,2,8432,72,47.85103066762289,58.3717551401652,21.288617039950257,0.9571930313084176
temporal_cnn_global,24,2,8723,72,22.13837167951796,26.375138345336644,12.055004890538685,0.8519282599647783
temporal_cnn_global,24,2,9056,72,58.09634208679199,72.38377379626726,13.819009337597665,0.9379761167297238
temporal_cnn_global,24,2,9373,72,60.020987616644966,73.55710866193527,20.98073985877629,0.851165767565542
temporal_cnn_global,24,2,9699,72,103.64739110734727,159.99680589950188,25.974878192227873,1.1193602546604964
temporal_cnn_global,24,3,318,72,3.3828405804104276,4.728842846029906,14.381233536516122,0.829704531590304
temporal_cnn_global,24,3,328,72,3.847163518269857,4.738152448550145,9.02126952260078,0.6507418858286276
temporal_cnn_global,24,3,361,72,7.643704679277208,9.3497190534391,12.883969081649532,0.720895571755158
temporal_cnn_global,24,3,821,72,3.7602145671844482,4.673969793321215,8.802141555640159,0.6361892378839696
temporal_cnn_global,24,3,2067,72,13.1821870803833,16.634942196985957,14.295121532865934,0.7939459490791615
temporal_cnn_global,24,3,2105,72,3.304801861445109,4.012797522374305,10.459899606216872,0.6716470115755688
temporal_cnn_global,24,3,2351,72,23.437858051723904,29.298354929861745,15.080073179128103,0.756652308958959
temporal_cnn_global,24,3,3037,72,80.80576790703668,103.12411325543951,14.60639526149728,0.7405000720779471
temporal_cnn_global,24,3,3797,72,10.298494868808323,13.467683776241097,6.245593853368086,0.963709880785003
temporal_cnn_global,24,3,3955,72,163.9347407023112,217.05004511886565,9.542344400836337,0.9125564566213221
temporal_cnn_global,24,3,4111,72,5.941542360517714,8.174644832991175,12.55157014058701,0.5278219856423642
temporal_cnn_global,24,3,4232,72,27.864004876878525,36.76729581671168,14.695059840824356,0.4735460711260412
temporal_cnn_global,24,3,4587,72,12.121334420310127,16.20465332079001,13.373864764847488,0.7788335283098263
temporal_cnn_global,24,3,4737,72,56.36056009928385,70.53389716058797,34.72677704085519,1.038585970598975
temporal_cnn_global,24,3,5172,72,181.8822547064887,214.87074941859902,8.435783221410583,0.8318923915783333
temporal_cnn_global,24,3,5200,72,32.6648063659668,40.066207189691575,12.667198859472892,0.7070542144897599
temporal_cnn_global,24,3,5409,72,2.382049643331104,3.1710058717174014,22.212590341981745,0.7403076284447091
temporal_cnn_global,24,3,5867,72,371.6137983534071,467.3590733847964,13.325656675689004,0.8825231669183121
temporal_cnn_global,24,3,5882,72,23.6775697072347,30.041807439324696,12.442643817347992,0.5844257374920967
temporal_cnn_global,24,3,6320,72,16.135459529029,20.729458556130993,16.775518775095172,0.7646234235278517
temporal_cnn_global,24,3,6481,72,22.292430029975044,28.964428259845047,10.567424882557138,0.7707447282159225
temporal_cnn_global,24,3,7255,72,110.84112379286024,139.8112579079108,9.096818464318272,0.7036212477936389
temporal_cnn_global,24,3,7423,72,138.42484124501547,178.10294733703392,29.569865215091095,2.3910360462014393
temporal_cnn_global,24,3,7680,72,49.21960163116455,59.8287888812693,30.320487218193115,1.24857177451143
temporal_cnn_global,24,3,8067,72,115.31494845284357,125.45992148205826,54.65624298347659,1.2742999430554416
temporal_cnn_global,24,3,8432,72,26.771808942159016,35.45418308266791,11.10908691892877,0.5340655138793131
temporal_cnn_global,24,3,8723,72,15.456378406948513,20.20160965839882,8.120227470152358,0.605573298153964
temporal_cnn_global,24,3,9056,72,54.0036875406901,64.53658685661468,12.207310163986968,0.8825344437578736
temporal_cnn_global,24,3,9373,72,39.2481623755561,48.19055764737902,14.186227792649625,0.5700721254040623
temporal_cnn_global,24,3,9699,72,46.945869233873154,60.37283103773907,14.674213979436058,0.5080603229042621
temporal_cnn_global,24,4,318,72,3.5620159175660877,6.4894064162033676,12.901551072829559,0.8644355487046484
temporal_cnn_global,24,4,328,72,4.308174636628893,5.820414733950438,8.965940656207284,0.7293768842069263
temporal_cnn_global,24,4,361,72,7.070590443081326,9.74597089086711,11.182753774246828,0.667150700077754
temporal_cnn_global,24,4,821,72,4.248328447341919,5.802709741305992,9.039711671188442,0.7194372478994661
temporal_cnn_global,24,4,2067,72,12.271774768829346,16.579778096834897,13.167880378368482,0.7472635341186369
temporal_cnn_global,24,4,2105,72,5.165040307574802,6.643351273243016,15.527897602782536,1.0739978898391744
temporal_cnn_global,24,4,2351,72,25.014173295762802,34.99949844891358,15.451371275330574,0.8284423416398962
temporal_cnn_global,24,4,3037,72,111.76839701334636,146.65927300140572,16.567589595285604,1.0338373562609613
temporal_cnn_global,24,4,3797,72,8.8414519627889,11.486782596246321,6.019985522505533,0.7408337243931649
temporal_cnn_global,24,4,3955,72,142.70027754041882,174.30346826224587,8.922629399366203,0.8020248637748676
temporal_cnn_global,24,4,4111,72,12.051093816757202,16.069968196148416,26.40575767958226,1.0631128561345298
temporal_cnn_global,24,4,4232,72,39.33633666568332,52.42039417206514,22.508974085372746,0.6785262083452367
temporal_cnn_global,24,4,4587,72,15.049862066904703,20.214581359686267,20.093374531861322,0.929536973137818
temporal_cnn_global,24,4,4737,72,52.07242080900404,60.678542571216354,44.601023617140115,1.0177330087024508
temporal_cnn_global,24,4,5172,72,231.08403523763022,344.9251639014917,10.187863840891952,1.0718288946275107
temporal_cnn_global,24,4,5200,72,37.804055531819664,47.48907652307058,13.874451518384696,0.8259366453169594
temporal_cnn_global,24,4,5409,72,2.6766057676739163,3.9057892247067207,33.061798225986685,0.823893519868723
temporal_cnn_global,24,4,5867,72,386.10035536024304,482.0100895640651,14.6789524592562,0.9195974166821298
temporal_cnn_global,24,4,5882,72,37.21334171295166,50.59112243431707,21.07358811809433,0.8991623378282952
temporal_cnn_global,24,4,6320,72,17.038711468378704,23.625274190158407,17.8256727320921,0.819777301442433
temporal_cnn_global,24,4,6481,72,27.23947525024414,33.56911372856265,15.424542102162905,0.9470969298178624
temporal_cnn_global,24,4,7255,72,125.92463938395183,152.79705913589302,10.789493254292399,0.7896711924105809
temporal_cnn_global,24,4,7423,72,197.25814374287924,265.7112296318399,35.81396350260671,3.388205530808549
temporal_cnn_global,24,4,7680,72,41.882178942362465,56.73073068015055,30.778055943106143,1.1041537521886184
temporal_cnn_global,24,4,8067,72,110.30372497770522,123.872881382462,58.53934411114371,1.2903354463259802
temporal_cnn_global,24,4,8432,72,37.28329192267524,45.37987932687676,17.480946641044103,0.7579657567615761
temporal_cnn_global,24,4,8723,72,19.547982745700413,26.01404102742792,10.341536549018185,0.7935827610332037
temporal_cnn_global,24,4,9056,72,56.43536822001139,71.87790479116862,13.241145563969962,0.9236667604989336
temporal_cnn_global,24,4,9373,72,35.37760384877523,49.534066030608805,12.434328769829559,0.5177543845588609
temporal_cnn_global,24,4,9699,72,91.17557991875543,181.21750710412675,20.786220473525795,0.9916046860947811
